Episode,Gesture,Reward,Success,Steps,Final Pose Error,Hold Duration,Safety Violation
0,THUMBS_DOWN,-673.3088878209139,0.0,150,0.38516268134117126,0,0
1,OPEN_STOP,-571.7497217652016,0.0,150,1.398166298866272,0,0
2,OPEN_STOP,-529.4180579712012,0.0,150,1.409564733505249,0,0
3,THUMBS_DOWN,-717.9038919106125,0.0,150,0.7066079378128052,0,0
4,THUMBS_UP,-430.5146896045283,0.0,150,0.06817525625228882,0,0
5,THUMBS_UP,-460.8302567876317,0.0,150,0.04347342252731323,0,0
6,THUMBS_DOWN,-686.3406403601164,0.0,150,0.7355376482009888,0,0
7,THUMBS_DOWN,-675.0552884398403,0.0,150,0.35249727964401245,0,0
8,THUMBS_DOWN,-718.5544401495908,0.0,150,1.1410472393035889,0,0
9,OPEN_STOP,-564.3326297255978,0.0,150,1.4142451286315918,0,0
10,THUMBS_UP,-382.3239225734015,0.0,150,0.12275972217321396,0,0
11,THUMBS_UP,-394.99491155726844,0.0,150,0.031165869906544685,0,0
12,OPEN_STOP,-636.0252799135728,0.0,150,1.446230173110962,0,0
13,OPEN_STOP,-551.3494439078684,0.0,150,1.3157750368118286,0,0
14,THUMBS_DOWN,-617.3978023114431,0.0,150,0.44213804602622986,0,0
15,THUMBS_DOWN,-686.6072704631463,0.0,150,0.6211017370223999,0,0
16,THUMBS_DOWN,-605.1924113693833,0.0,150,0.34851884841918945,0,0
17,THUMBS_DOWN,-595.210599623434,0.0,150,0.0,0,0
18,THUMBS_UP,-461.03149436477406,0.0,150,0.009495019912719727,0,0
19,THUMBS_DOWN,-625.0118094740712,0.0,150,0.0,0,0
20,THUMBS_DOWN,-594.2406693343075,0.0,150,0.17696543037891388,0,0
21,THUMBS_DOWN,-668.656271381937,0.0,150,0.1405697464942932,0,0
22,THUMBS_UP,-519.1695401903428,0.0,150,0.08386194705963135,0,0
23,THUMBS_UP,-478.3058750994506,0.0,150,0.09526365995407104,0,0
24,THUMBS_DOWN,-717.808407808058,0.0,150,0.9067176580429077,0,0
25,THUMBS_UP,-495.89525060794296,0.0,150,0.0,0,0
26,OPEN_STOP,-560.5973752471245,0.0,150,1.4144481420516968,0,0
27,THUMBS_DOWN,-605.2916487501191,0.0,150,0.18992820382118225,0,0
28,THUMBS_DOWN,-625.8083305731412,0.0,150,0.9629268646240234,0,0
29,THUMBS_UP,-419.3040703216197,0.0,150,0.0,0,0
30,OPEN_STOP,-549.5131522136367,0.0,150,1.4056810140609741,0,0
31,THUMBS_DOWN,-590.2850734317303,0.0,150,0.42417195439338684,0,0
32,THUMBS_DOWN,-678.1157720182836,0.0,150,0.8260726928710938,0,0
33,THUMBS_DOWN,-621.5445459166915,0.0,150,0.5658071637153625,0,0
34,THUMBS_UP,-461.9416491712631,0.0,150,0.037128377705812454,0,0
35,THUMBS_UP,-456.0629766778464,0.0,150,0.0,0,0
36,THUMBS_UP,-418.35002451617265,0.0,150,0.030847787857055664,0,0
37,THUMBS_DOWN,-558.9813746904208,0.0,150,0.0051121581345796585,0,0
38,OPEN_STOP,-503.26214350380025,0.0,150,1.2853106260299683,0,0
39,THUMBS_UP,-517.6053450290954,0.0,150,0.05441921949386597,0,0
40,THUMBS_DOWN,-583.0005867058784,0.0,150,0.6887226104736328,0,0
41,THUMBS_UP,-524.698073958736,0.0,150,0.8779366612434387,0,0
42,OPEN_STOP,-488.32615831127407,0.0,150,1.4244208335876465,0,0
43,THUMBS_DOWN,-636.01678208895,0.0,150,0.35004478693008423,0,0
44,OPEN_STOP,-489.17906206626446,0.0,150,1.3463791608810425,0,0
45,OPEN_STOP,-558.836744392514,0.0,150,1.42341947555542,0,0
46,THUMBS_UP,-469.6375456769953,0.0,150,0.0029351115226745605,0,0
47,OPEN_STOP,-446.4206157598274,0.0,150,1.2690054178237915,0,0
48,THUMBS_DOWN,-706.8803240045908,0.0,150,0.8207544684410095,0,0
49,OPEN_STOP,-471.19469192714905,0.0,150,1.1453733444213867,0,0
50,OPEN_STOP,-524.1509885230008,0.0,150,1.4144567251205444,0,0
51,THUMBS_UP,-522.6117445731164,0.0,150,0.7642624974250793,0,0
52,THUMBS_DOWN,-660.5232369980217,0.0,150,0.9533363580703735,0,0
53,OPEN_STOP,-494.7438128791936,0.0,150,1.2858153581619263,0,0
54,THUMBS_DOWN,-579.1895780298299,0.0,150,0.04856540262699127,0,0
55,OPEN_STOP,-498.71114464204754,0.0,150,1.368471622467041,0,0
56,OPEN_STOP,-517.4812105685937,0.0,150,1.4142135381698608,0,0
57,THUMBS_DOWN,-608.2851965548659,0.0,150,0.012695491313934326,0,0
58,THUMBS_UP,-439.7970252988488,0.0,150,0.011562585830688477,0,0
59,THUMBS_UP,-447.5140128622204,0.0,150,0.2111225724220276,0,0
60,THUMBS_UP,-474.7314040781558,0.0,150,0.055816650390625,0,0
61,THUMBS_UP,-419.4406402712896,0.0,150,0.023192571476101875,0,0
62,THUMBS_DOWN,-616.0695610169693,0.0,150,0.18152019381523132,0,0
63,THUMBS_UP,-474.3080557620155,0.0,150,0.11471390724182129,0,0
64,OPEN_STOP,-536.3833209181483,0.0,150,1.331616759300232,0,0
65,OPEN_STOP,-481.63079980217844,0.0,150,1.0882911682128906,0,0
66,THUMBS_UP,-427.7670777920634,0.0,150,4.881620407104492e-05,0,0
67,THUMBS_DOWN,-654.867986831295,0.0,150,0.22146838903427124,0,0
68,THUMBS_UP,-508.7730283531545,0.0,150,0.5424938201904297,0,0
69,THUMBS_UP,-507.681370430961,0.0,150,0.6842555999755859,0,0
70,THUMBS_UP,-522.1154732893405,0.0,150,0.7738407850265503,0,0
71,THUMBS_UP,-511.14387670891364,0.0,150,0.9476653933525085,0,0
72,OPEN_STOP,-501.68040020855136,0.0,150,1.3387036323547363,0,0
73,THUMBS_DOWN,-512.890120839607,0.0,150,0.013607029803097248,0,0
74,THUMBS_UP,-567.3563863555341,0.0,150,0.7362130880355835,0,0
75,OPEN_STOP,-465.0844737441371,0.0,150,1.1933461427688599,0,0
76,OPEN_STOP,-508.9161715029739,0.0,150,1.5099185705184937,0,0
77,OPEN_STOP,-467.7051180521726,0.0,150,1.0456693172454834,0,0
78,THUMBS_DOWN,-462.1958001677413,0.0,150,0.23404857516288757,0,0
79,THUMBS_DOWN,-492.5267926887276,0.0,150,0.07417774200439453,0,0
80,OPEN_STOP,-497.5284943952879,0.0,150,1.4447951316833496,0,0
81,THUMBS_UP,-548.2585504712534,0.0,150,0.9467911720275879,0,0
82,OPEN_STOP,-448.03795230669914,0.0,150,1.0176823139190674,0,0
83,THUMBS_UP,-401.0242666345601,0.0,150,0.30812501907348633,0,0
84,OPEN_STOP,-520.0126502261402,0.0,150,1.4834418296813965,0,0
85,THUMBS_DOWN,-502.2416830377325,0.0,150,0.02836814522743225,0,0
86,OPEN_STOP,-403.1544482322409,0.0,150,0.5908668041229248,0,0
87,THUMBS_UP,-428.8423992255795,0.0,150,0.5103206634521484,0,0
88,OPEN_STOP,-474.4775196135046,0.0,150,0.3190844655036926,0,0
89,OPEN_STOP,-529.8241294671362,0.0,150,1.1846712827682495,0,0
90,OPEN_STOP,-477.6015546647832,0.0,150,0.9928837418556213,0,0
91,THUMBS_DOWN,-503.7523877298075,0.0,150,0.0,0,0
92,THUMBS_DOWN,-552.6833555455507,0.0,150,0.0,0,0
93,THUMBS_DOWN,-437.9827889174828,0.0,150,0.052933573722839355,0,0
94,THUMBS_UP,-427.14808060396444,0.0,150,0.564900279045105,0,0
95,THUMBS_DOWN,-515.7702084608839,0.0,150,0.02908293902873993,0,0
96,OPEN_STOP,-465.2269995867089,0.0,150,0.8293527364730835,0,0
97,THUMBS_DOWN,-487.6184398713334,0.0,150,0.0,0,0
98,THUMBS_DOWN,-425.09900212040657,0.0,150,0.17286080121994019,0,0
99,THUMBS_DOWN,-499.2659222522938,0.0,150,0.0,0,0
100,THUMBS_DOWN,-441.26391910835633,0.0,150,0.0,0,0
101,OPEN_STOP,-494.7908884592168,0.0,150,0.9692438840866089,0,0
102,THUMBS_DOWN,-409.7658232409879,0.0,150,0.0,0,0
103,OPEN_STOP,-495.22074688321896,0.0,150,0.9912540316581726,0,0
104,THUMBS_DOWN,-439.1419211580792,0.0,150,0.026859521865844727,0,0
105,OPEN_STOP,-509.66581748453905,0.0,150,0.9275188446044922,0,0
106,THUMBS_UP,-485.0683025889099,0.0,150,0.5031384825706482,0,0
107,THUMBS_DOWN,-380.0634024791048,0.0,150,0.042962998151779175,0,0
108,OPEN_STOP,-550.721077322988,0.0,150,0.838333249092102,0,0
109,THUMBS_DOWN,-461.34176336098443,0.0,150,0.0,0,0
110,THUMBS_DOWN,-456.95012135904483,0.0,150,0.0,0,0
111,THUMBS_DOWN,-398.8802379850296,0.0,150,0.08502060920000076,0,0
112,THUMBS_DOWN,-426.73424970335316,0.0,150,0.0,0,0
113,THUMBS_DOWN,-473.3941782649897,0.0,150,0.010644534602761269,0,0
114,THUMBS_DOWN,-458.39112267692116,0.0,150,0.00585639663040638,0,0
115,THUMBS_DOWN,-449.35159809604517,0.0,150,0.024219095706939697,0,0
116,THUMBS_UP,-508.25645152182324,0.0,150,0.9536531567573547,0,0
117,THUMBS_DOWN,-430.3651514888183,0.0,150,0.0,0,0
118,THUMBS_DOWN,-358.10550808093507,0.0,150,0.3282119333744049,0,0
119,THUMBS_DOWN,-430.9668271289581,0.0,150,0.0,0,0
120,THUMBS_UP,-547.4073160719314,0.0,150,0.7161474227905273,0,0
121,THUMBS_DOWN,-411.81118044296267,0.0,150,0.026061484590172768,0,0
122,OPEN_STOP,-563.0340270292456,0.0,150,0.9588833451271057,0,0
123,OPEN_STOP,-506.91981101261445,0.0,150,0.8072603940963745,0,0
124,THUMBS_UP,-582.0831890614285,0.0,150,0.053707305341959,0,0
125,THUMBS_UP,-548.0411446611488,0.0,150,0.0,0,0
126,THUMBS_DOWN,-446.68941906178776,0.0,150,0.06902527809143066,0,0
127,OPEN_STOP,-585.4856511983648,0.0,150,0.9991142749786377,0,0
128,THUMBS_DOWN,-424.6616711485245,0.0,150,0.0,0,0
129,THUMBS_DOWN,-404.51645515395336,0.0,150,0.09106690436601639,0,0
130,THUMBS_UP,-556.8375525088422,0.0,150,0.027592042461037636,0,0
131,THUMBS_DOWN,-455.99409168750077,0.0,150,0.7648781538009644,0,0
132,OPEN_STOP,-528.2229291988244,0.0,150,0.7680078744888306,0,0
133,OPEN_STOP,-557.3625991467945,0.0,150,0.8873236775398254,0,0
134,THUMBS_UP,-550.0115321856305,0.0,150,0.0,0,0
135,OPEN_STOP,-567.389698967915,0.0,150,0.9700031280517578,0,0
136,OPEN_STOP,-581.6407986520605,0.0,150,0.7720603942871094,0,0
137,THUMBS_DOWN,-424.8864371466452,0.0,150,0.0,0,0
138,OPEN_STOP,-575.592175723724,0.0,150,0.9412575960159302,0,0
139,THUMBS_UP,-566.652506840153,0.0,150,0.0,0,0
140,OPEN_STOP,-556.3356275947762,0.0,150,0.960366427898407,0,0
141,OPEN_STOP,-526.8978171799706,0.0,150,1.0,0,0
142,THUMBS_DOWN,-359.8565186153539,0.0,150,0.04731477051973343,0,0
143,OPEN_STOP,-553.780365106305,0.0,150,0.8957201242446899,0,0
144,THUMBS_UP,-575.1435424987565,0.0,150,0.0,0,0
145,THUMBS_UP,-538.8031363277584,0.0,150,0.005727335345000029,0,0
146,THUMBS_DOWN,-401.9317352622001,0.0,150,0.03583534434437752,0,0
147,OPEN_STOP,-568.3788008930394,0.0,150,0.9785493612289429,0,0
148,THUMBS_UP,-550.2086088794845,0.0,150,0.0,0,0
149,THUMBS_DOWN,-380.5701370484752,0.0,150,0.008726537227630615,0,0
150,THUMBS_UP,-527.78781993235,0.0,150,0.0,0,0
151,THUMBS_DOWN,-388.3657060903962,0.0,150,0.0,0,0
152,OPEN_STOP,-562.1019316074531,0.0,150,0.7724128365516663,0,0
153,THUMBS_DOWN,-404.07416102002384,0.0,150,0.03631853684782982,0,0
154,OPEN_STOP,-457.40041363667683,0.0,150,0.5125036239624023,0,0
155,THUMBS_UP,-545.4378345401775,0.0,150,0.0217514056712389,0,0
156,THUMBS_DOWN,-342.88913638897236,0.0,150,0.40143635869026184,0,0
157,THUMBS_UP,-539.2105536103581,0.0,150,0.0,0,0
158,THUMBS_DOWN,-412.553947517595,0.0,150,0.0,0,0
159,OPEN_STOP,-515.6547503960738,0.0,150,0.974620521068573,0,0
160,THUMBS_DOWN,-382.25403455138235,0.0,150,0.08254340291023254,0,0
161,THUMBS_UP,-527.121010059507,0.0,150,0.0,0,0
162,THUMBS_UP,-553.8346157891256,0.0,150,0.0,0,0
163,THUMBS_DOWN,-406.1285127755067,0.0,150,0.2108832448720932,0,0
164,THUMBS_UP,-509.58234980445,0.0,150,0.0,0,0
165,THUMBS_UP,-507.0280596369229,0.0,150,0.0,0,0
166,THUMBS_DOWN,-426.0301466188546,0.0,150,0.06774568557739258,0,0
167,THUMBS_UP,-543.5189426987429,0.0,150,0.0,0,0
168,THUMBS_DOWN,-421.7907251292373,0.0,150,0.07552438229322433,0,0
169,THUMBS_DOWN,-364.8727925694734,0.0,150,0.0,0,0
170,OPEN_STOP,-570.4653833257962,0.0,150,0.9857791662216187,0,0
171,OPEN_STOP,-586.284457759876,0.0,150,0.9597564339637756,0,0
172,THUMBS_UP,-510.11468485695735,0.0,150,0.0,0,0
173,THUMBS_DOWN,-417.00428564118204,0.0,150,0.03173255920410156,0,0
174,THUMBS_UP,-498.02422361171693,0.0,150,0.0,0,0
175,THUMBS_DOWN,-409.06982852394714,0.0,150,0.00739818811416626,0,0
176,OPEN_STOP,-587.8686692739277,0.0,150,0.860640287399292,0,0
177,THUMBS_DOWN,-371.37965220291153,0.0,150,0.05310344696044922,0,0
178,OPEN_STOP,-630.8712231437305,0.0,150,0.9834166765213013,0,0
179,THUMBS_UP,-538.0757024661337,0.0,150,0.0,0,0
180,OPEN_STOP,-579.3892645212449,0.0,150,1.0,0,0
181,THUMBS_UP,-500.2828339667733,0.0,150,0.0,0,0
182,THUMBS_UP,-501.20460536554236,0.0,150,0.0,0,0
183,THUMBS_DOWN,-378.39247269663963,0.0,150,0.0441405288875103,0,0
184,OPEN_STOP,-626.3011997148114,0.0,150,0.9866920709609985,0,0
185,THUMBS_UP,-498.7236931557256,0.0,150,0.0,0,0
186,THUMBS_UP,-482.097456103381,0.0,150,0.0,0,0
187,THUMBS_UP,-536.4124127654911,0.0,150,0.0,0,0
188,THUMBS_UP,-490.39397128530555,0.0,150,0.0,0,0
189,THUMBS_DOWN,-363.031827841066,0.0,150,0.01890471763908863,0,0
190,OPEN_STOP,-615.7552729166108,0.0,150,0.9223702549934387,0,0
191,THUMBS_DOWN,-454.98378010703243,0.0,150,0.0,0,0
192,THUMBS_UP,-512.4245954546545,0.0,150,0.0,0,0
193,THUMBS_UP,-515.1485024620382,0.0,150,0.0,0,0
194,THUMBS_DOWN,-427.67486053378326,0.0,150,0.0031894780695438385,0,0
195,THUMBS_DOWN,-382.35842578366373,0.0,150,0.015682533383369446,0,0
196,THUMBS_DOWN,-410.0349267056026,0.0,150,0.0,0,0
197,OPEN_STOP,-656.0091453738244,0.0,150,0.9481169581413269,0,0
198,OPEN_STOP,-675.4678105382858,0.0,150,1.0007764101028442,0,0
199,THUMBS_UP,-502.5094711460949,0.0,150,0.0,0,0
200,THUMBS_DOWN,-460.48324027575575,0.0,150,0.07195789366960526,0,0
201,OPEN_STOP,-590.22127237441,0.0,150,0.9736536741256714,0,0
202,OPEN_STOP,-595.7596496383103,0.0,150,1.0,0,0
203,OPEN_STOP,-641.9880234784746,0.0,150,1.0,0,0
204,THUMBS_DOWN,-389.35618987207295,0.0,150,0.0,0,0
205,THUMBS_UP,-496.6318385735827,0.0,150,0.0,0,0
206,THUMBS_DOWN,-451.5390676706655,0.0,150,0.025153517723083496,0,0
207,THUMBS_UP,-479.3978876681401,0.0,150,0.0,0,0
208,OPEN_STOP,-635.6198281447544,0.0,150,0.9861319661140442,0,0
209,THUMBS_DOWN,-438.9351492983333,0.0,150,0.10261445492506027,0,0
210,OPEN_STOP,-601.2060299794938,0.0,150,1.0,0,0
211,THUMBS_DOWN,-381.30074443921455,0.0,150,0.06091101095080376,0,0
212,THUMBS_DOWN,-450.15823028439655,0.0,150,0.4612177908420563,0,0
213,THUMBS_UP,-492.8236916802466,0.0,150,0.0,0,0
214,THUMBS_DOWN,-393.34221538660125,0.0,150,0.0,0,0
215,OPEN_STOP,-620.3371506898291,0.0,150,1.0,0,0
216,OPEN_STOP,-616.5317335098424,0.0,150,1.0,0,0
217,THUMBS_DOWN,-397.4374190103449,0.0,150,0.00514751672744751,0,0
218,OPEN_STOP,-616.8686491931788,0.0,150,1.0,0,0
219,THUMBS_UP,-486.3560815562892,0.0,150,0.0,0,0
220,THUMBS_DOWN,-389.11502165817893,0.0,150,0.0,0,0
221,THUMBS_DOWN,-422.7104223806783,0.0,150,0.03565925732254982,0,0
222,THUMBS_DOWN,-364.6174640988372,0.0,150,0.28214865922927856,0,0
223,OPEN_STOP,-594.3904941239489,0.0,150,0.9830464720726013,0,0
224,THUMBS_UP,-490.33065013502244,0.0,150,0.0,0,0
225,THUMBS_DOWN,-441.72164842408176,0.0,150,0.09864336252212524,0,0
226,OPEN_STOP,-641.0451021990921,0.0,150,1.0,0,0
227,OPEN_STOP,-624.2846048273448,0.0,150,1.0020179748535156,0,0
228,OPEN_STOP,-582.334783866033,0.0,150,0.9115957617759705,0,0
229,OPEN_STOP,-622.0103722053418,0.0,150,1.0,0,0
230,OPEN_STOP,-670.9832781885581,0.0,150,1.0,0,0
231,THUMBS_UP,-504.1854624824789,0.0,150,0.0,0,0
232,THUMBS_UP,-491.85662864954253,0.0,150,0.0,0,0
233,OPEN_STOP,-632.4944641391253,0.0,150,1.0,0,0
234,OPEN_STOP,-609.0544613397493,0.0,150,1.0,0,0
235,OPEN_STOP,-560.6078345153841,0.0,150,1.0,0,0
236,THUMBS_DOWN,-364.985146918539,0.0,150,0.5844132304191589,0,0
237,THUMBS_DOWN,-382.7096029717707,0.0,150,0.06243845447897911,0,0
238,THUMBS_DOWN,-368.8476613816247,0.0,150,0.027495523914694786,0,0
239,OPEN_STOP,-626.7945365660605,0.0,150,1.0,0,0
240,OPEN_STOP,-661.277238683108,0.0,150,1.0,0,0
241,OPEN_STOP,-619.9772633274612,0.0,150,1.0,0,0
242,THUMBS_DOWN,-381.6969457687694,0.0,150,0.04674288257956505,0,0
243,THUMBS_UP,-489.0573263851477,0.0,150,0.0,0,0
244,THUMBS_DOWN,-413.76584822965765,0.0,150,0.016162490472197533,0,0
245,THUMBS_DOWN,-394.7249526132082,0.0,150,0.242804616689682,0,0
246,OPEN_STOP,-639.6787388239852,0.0,150,1.0,0,0
247,THUMBS_UP,-497.51009987960026,0.0,150,0.0,0,0
248,THUMBS_DOWN,-345.7881674897483,0.0,150,0.02296227216720581,0,0
249,THUMBS_DOWN,-404.6331998846305,0.0,150,1.0041613578796387,0,0
250,THUMBS_DOWN,-370.13702218417086,0.0,150,0.0,0,0
251,THUMBS_DOWN,-375.745031925356,0.0,150,0.0,0,0
252,THUMBS_DOWN,-383.39677616108196,0.0,150,0.22265104949474335,0,0
253,OPEN_STOP,-682.9474915456744,0.0,150,0.999733030796051,0,0
254,OPEN_STOP,-632.1196442914292,0.0,150,1.0,0,0
255,THUMBS_UP,-521.3150501230117,0.0,150,0.0,0,0
256,THUMBS_DOWN,-621.8274922484158,0.0,150,1.5383814573287964,0,0
257,THUMBS_DOWN,-409.24723165694627,0.0,150,0.06660859286785126,0,0
258,THUMBS_DOWN,-409.7258643521136,0.0,150,0.13715581595897675,0,0
259,THUMBS_UP,-497.1571701166494,0.0,150,0.0,0,0
260,THUMBS_DOWN,-405.59784234711907,0.0,150,0.1656644642353058,0,0
261,OPEN_STOP,-616.3840666819551,0.0,150,1.0000816583633423,0,0
262,THUMBS_UP,-491.5377685529984,0.0,150,0.0,0,0
263,THUMBS_UP,-500.3232480862208,0.0,150,0.0,0,0
264,THUMBS_UP,-481.63525343437743,0.0,150,0.0,0,0
265,THUMBS_DOWN,-367.5639442018135,0.0,150,0.6746512055397034,0,0
266,THUMBS_UP,-479.296495470219,0.0,150,0.0,0,0
267,THUMBS_DOWN,-403.13357278939344,0.0,150,0.5765653252601624,0,0
268,OPEN_STOP,-617.9573054926469,0.0,150,1.0,0,0
269,THUMBS_DOWN,-386.89625039584706,0.0,150,0.5787476301193237,0,0
270,THUMBS_DOWN,-367.1131004084042,0.0,150,0.0,0,0
271,THUMBS_DOWN,-357.3405781644583,0.0,150,0.03821142017841339,0,0
272,THUMBS_UP,-502.6199531543456,0.0,150,0.0,0,0
273,THUMBS_UP,-481.3939349723706,0.0,150,0.0,0,0
274,OPEN_STOP,-497.7417927310917,0.0,150,0.7848057746887207,0,0
275,THUMBS_UP,-477.42260730787456,0.0,150,0.0,0,0
276,THUMBS_DOWN,-379.0633788994048,0.0,150,0.11404997855424881,0,0
277,OPEN_STOP,-515.2262496194523,0.0,150,0.8765909671783447,0,0
278,THUMBS_UP,-518.520425377782,0.0,150,0.0,0,0
279,THUMBS_DOWN,-368.26421584807326,0.0,150,0.5731416344642639,0,0
280,OPEN_STOP,-425.1926591383665,0.0,150,0.4605226516723633,0,0
281,THUMBS_UP,-510.22173670039206,0.0,150,0.0,0,0
282,OPEN_STOP,-453.0869332505577,0.0,150,0.3779878616333008,0,0
283,OPEN_STOP,-431.63912162842223,0.0,150,0.44992852210998535,0,0
284,THUMBS_DOWN,-355.81535279732196,0.0,150,0.04414369910955429,0,0
285,THUMBS_DOWN,-357.47604933666076,0.0,150,0.045999884605407715,0,0
286,OPEN_STOP,-525.6931823716311,0.0,150,0.9508237838745117,0,0
287,THUMBS_DOWN,-316.0342602852546,0.0,150,0.0,0,0
288,THUMBS_DOWN,-370.5228938723541,0.0,150,0.9463867545127869,0,0
289,THUMBS_UP,-502.8471505503251,0.0,150,0.0,0,0
290,OPEN_STOP,-495.75144266520635,0.0,150,0.9447482228279114,0,0
291,OPEN_STOP,-457.6047319553046,0.0,150,0.5634955167770386,0,0
292,OPEN_STOP,-418.26569475421684,0.0,150,0.21212530136108398,0,0
293,THUMBS_UP,-506.80542041660544,0.0,150,0.0,0,0
294,OPEN_STOP,-452.7154548504296,0.0,150,0.41608715057373047,0,0
295,THUMBS_UP,-515.3372675520334,0.0,150,0.0,0,0
296,THUMBS_UP,-481.59994565335575,0.0,150,0.0,0,0
297,THUMBS_UP,-522.4749664627102,0.0,150,0.0,0,0
298,THUMBS_UP,-514.7871109067927,0.0,150,0.0,0,0
299,OPEN_STOP,-438.4278225157783,0.0,150,0.5653783082962036,0,0
300,THUMBS_DOWN,-369.8200171108173,0.0,150,0.9064139723777771,0,0
301,THUMBS_UP,-518.7026156396963,0.0,150,0.0,0,0
302,OPEN_STOP,-453.2846162109077,0.0,150,0.6641764640808105,0,0
303,THUMBS_UP,-514.751391746864,0.0,150,0.0,0,0
304,OPEN_STOP,-521.8157611535116,0.0,150,0.8091228008270264,0,0
305,THUMBS_UP,-510.71968220937407,0.0,150,0.0,0,0
306,THUMBS_UP,-509.60678021129314,0.0,150,0.0,0,0
307,THUMBS_UP,-536.2055100085073,0.0,150,0.0,0,0
308,OPEN_STOP,-538.5617860926546,0.0,150,1.0,0,0
309,THUMBS_DOWN,-361.886703549251,0.0,150,0.010463237762451172,0,0
310,THUMBS_UP,-539.8796337173396,0.0,150,0.0,0,0
311,THUMBS_DOWN,-319.06398933041845,0.0,150,0.1974932700395584,0,0
312,THUMBS_UP,-529.0874993641481,0.0,150,0.0,0,0
313,THUMBS_DOWN,-370.6971992028505,0.0,150,0.5013675093650818,0,0
314,THUMBS_UP,-499.4099249034618,0.0,150,0.0,0,0
315,OPEN_STOP,-453.9407520372233,0.0,150,0.6852450370788574,0,0
316,OPEN_STOP,-481.00408963182457,0.0,150,0.9057169556617737,0,0
317,OPEN_STOP,-482.2412541554124,0.0,150,0.8050065040588379,0,0
318,THUMBS_UP,-485.4735092953602,0.0,150,0.0,0,0
319,OPEN_STOP,-504.2014465985263,0.0,150,0.7269459962844849,0,0
320,OPEN_STOP,-460.5702950591732,0.0,150,0.463775098323822,0,0
321,THUMBS_UP,-503.91138212402046,0.0,150,0.0,0,0
322,THUMBS_UP,-501.21382444872035,0.0,150,0.0,0,0
323,THUMBS_DOWN,-332.58407578391035,0.0,150,0.23061466217041016,0,0
324,THUMBS_DOWN,-288.63024454417643,0.0,150,0.01858319342136383,0,0
325,OPEN_STOP,-454.20079674273705,0.0,150,0.37093931436538696,0,0
326,THUMBS_UP,-509.4165135921468,0.0,150,0.0,0,0
327,OPEN_STOP,-483.64348916146895,0.0,150,0.49095574021339417,0,0
328,THUMBS_DOWN,-341.26351445180825,0.0,150,0.0,0,0
329,THUMBS_DOWN,-329.27181829847393,0.0,150,0.0,0,0
330,THUMBS_DOWN,-352.4163755257428,0.0,150,0.07020547240972519,0,0
331,THUMBS_DOWN,-299.63059764667895,0.0,150,0.16179469227790833,0,0
332,THUMBS_DOWN,-324.9359237360885,0.0,150,0.0660446509718895,0,0
333,THUMBS_DOWN,-342.24100967150184,0.0,150,0.009460270404815674,0,0
334,THUMBS_UP,-485.7712731097621,0.0,150,0.0,0,0
335,THUMBS_DOWN,-313.5020595597475,0.0,150,0.18651144206523895,0,0
336,OPEN_STOP,-411.78013056034206,0.0,150,0.6018131971359253,0,0
337,THUMBS_UP,-468.77023195912165,0.0,150,0.0,0,0
338,THUMBS_DOWN,-319.7901933048666,0.0,150,0.1451191008090973,0,0
339,OPEN_STOP,-450.3240243729948,0.0,150,0.6310673952102661,0,0
340,OPEN_STOP,-464.26132472602666,0.0,150,0.6277386546134949,0,0
341,THUMBS_UP,-502.44995462908156,0.0,150,0.0,0,0
342,OPEN_STOP,-441.8349498063699,0.0,150,0.2539108991622925,0,0
343,THUMBS_DOWN,-293.4678375450616,0.0,150,0.14703376591205597,0,0
344,THUMBS_DOWN,-302.9164438900445,0.0,150,0.036587927490472794,0,0
345,THUMBS_UP,-451.81730983184906,0.0,150,0.0,0,0
346,THUMBS_DOWN,-263.4347043471736,0.0,150,0.158037468791008,0,0
347,THUMBS_UP,-484.037109912354,0.0,150,0.0,0,0
348,OPEN_STOP,-454.40576915909077,0.0,150,0.592618465423584,0,0
349,OPEN_STOP,-427.0323582416117,0.0,150,0.3626437485218048,0,0
350,OPEN_STOP,-427.05529715170167,0.0,150,0.35092926025390625,0,0
351,THUMBS_DOWN,-323.21653391893955,0.0,150,0.033593494445085526,0,0
352,THUMBS_DOWN,-310.23390830942407,0.0,150,0.04631136730313301,0,0
353,OPEN_STOP,-459.5248537909985,0.0,150,0.5718072652816772,0,0
354,THUMBS_DOWN,-338.938452311922,0.0,150,0.0,0,0
355,THUMBS_UP,-444.61203343742335,0.0,150,0.0,0,0
356,THUMBS_DOWN,-279.6055686319339,0.0,150,0.10361570864915848,0,0
357,THUMBS_UP,-452.3250020281352,0.0,150,0.0,0,0
358,OPEN_STOP,-425.261967440024,0.0,150,0.15392886102199554,0,0
359,THUMBS_DOWN,-291.99365206636503,0.0,150,0.042325880378484726,0,0
360,OPEN_STOP,-423.9386164637843,0.0,150,0.27678924798965454,0,0
361,OPEN_STOP,-435.4255350286327,0.0,150,0.37092459201812744,0,0
362,OPEN_STOP,-449.67818525400025,0.0,150,0.5298236608505249,0,0
363,OPEN_STOP,-468.4561257464441,0.0,150,0.46553730964660645,0,0
364,OPEN_STOP,-411.203355845902,0.0,150,0.13725268840789795,0,0
365,THUMBS_DOWN,-345.2262271980569,0.0,150,0.041778743267059326,0,0
366,OPEN_STOP,-471.4219299099407,0.0,150,0.3356577754020691,0,0
367,OPEN_STOP,-505.6367120884174,0.0,150,0.9734776020050049,0,0
368,OPEN_STOP,-439.126432290226,0.0,150,0.43472927808761597,0,0
369,THUMBS_UP,-434.0600803040809,0.0,150,0.0,0,0
370,OPEN_STOP,-449.8312647012435,0.0,150,0.5184360146522522,0,0
371,OPEN_STOP,-436.5174649641293,0.0,150,0.4486873149871826,0,0
372,OPEN_STOP,-395.9407827479765,0.0,150,0.25379180908203125,0,0
373,OPEN_STOP,-438.25322525736885,0.0,150,0.41665756702423096,0,0
374,THUMBS_UP,-446.8471668972793,0.0,150,0.0,0,0
375,THUMBS_DOWN,-301.76189500231754,0.0,150,0.11836831271648407,0,0
376,THUMBS_DOWN,-278.1536846680567,0.0,150,0.04757652059197426,0,0
377,THUMBS_DOWN,-255.71913007939247,0.0,150,0.02839391678571701,0,0
378,THUMBS_UP,-437.4486334228578,0.0,150,0.0,0,0
379,THUMBS_DOWN,-270.28121647657815,0.0,150,0.08111776411533356,0,0
380,THUMBS_UP,-445.0387467738587,0.0,150,0.0,0,0
381,THUMBS_UP,-447.15228232737815,0.0,150,0.0,0,0
382,THUMBS_DOWN,-269.2297374220172,0.0,150,0.0,0,0
383,THUMBS_DOWN,-285.6450517215395,0.0,150,0.05866839736700058,0,0
384,OPEN_STOP,-377.98046997956004,0.0,150,0.03737371787428856,0,0
385,THUMBS_UP,-436.3038806947624,0.0,150,0.0032531162723898888,0,0
386,OPEN_STOP,-368.3353919208751,0.0,150,0.0038177596870809793,0,0
387,THUMBS_UP,-426.6869297468301,0.0,150,0.0,0,0
388,THUMBS_UP,-435.7297470236921,0.0,150,0.0,0,0
389,OPEN_STOP,-393.9033169333077,0.0,150,0.12834393978118896,0,0
390,THUMBS_DOWN,-257.76541991361415,0.0,150,0.0169117022305727,0,0
391,THUMBS_DOWN,-261.4940830980614,0.0,150,0.047419797629117966,0,0
392,THUMBS_DOWN,-266.9727334091544,0.0,150,0.14742930233478546,0,0
393,OPEN_STOP,-368.34975144144147,0.0,150,0.020589470863342285,0,0
394,THUMBS_UP,-441.0943980727406,0.0,150,0.0,0,0
395,THUMBS_DOWN,-272.1414618486772,0.0,150,0.05079834163188934,0,0
396,THUMBS_DOWN,-222.9921830060064,0.0,150,0.0,0,0
397,OPEN_STOP,-401.4170058977008,0.0,150,0.0023493170738220215,0,0
398,THUMBS_DOWN,-247.08636838573733,0.0,150,0.0,0,0
399,THUMBS_DOWN,-259.18160535128436,0.0,150,0.04140211269259453,0,0
400,THUMBS_DOWN,-239.07911670506013,0.0,150,0.0,0,0
401,THUMBS_UP,-414.9568252699666,0.0,150,0.0,0,0
402,THUMBS_UP,-421.0371091117416,0.0,150,0.0,0,0
403,OPEN_STOP,-378.6044815141988,0.0,150,0.0,0,0
404,THUMBS_UP,-417.90297951351226,0.0,150,0.0,0,0
405,THUMBS_DOWN,-259.6181439492246,0.0,150,0.0813148021697998,0,0
406,THUMBS_DOWN,-254.43576134844687,0.0,150,0.0492517463862896,0,0
407,OPEN_STOP,-383.7612468611615,0.0,150,0.01463372353464365,0,0
408,OPEN_STOP,-378.47607374719644,0.0,150,0.0,0,0
409,THUMBS_DOWN,-259.5461929519009,0.0,150,0.0,0,0
410,OPEN_STOP,-339.599917645175,0.0,150,0.03862091153860092,0,0
411,THUMBS_DOWN,-236.44356360309754,0.0,150,0.022440364584326744,0,0
412,THUMBS_DOWN,-232.84725501257464,0.0,150,0.0,0,0
413,THUMBS_UP,-402.5122081107647,0.0,150,0.0,0,0
414,OPEN_STOP,-370.2515180685929,0.0,150,0.0,0,0
415,OPEN_STOP,-351.36285290763726,0.0,150,0.010091841220855713,0,0
416,OPEN_STOP,-348.572899773419,0.0,150,0.009620308876037598,0,0
417,OPEN_STOP,-352.9748571755969,0.0,150,0.05734705924987793,0,0
418,THUMBS_UP,-411.43995999678054,0.0,150,0.0,0,0
419,OPEN_STOP,-339.67715364004,0.0,150,0.05201772600412369,0,0
420,THUMBS_DOWN,-231.069965086065,0.0,150,0.0647084042429924,0,0
421,OPEN_STOP,-340.8781704059754,0.0,150,0.0,0,0
422,THUMBS_UP,-410.02068550692894,0.0,150,0.0,0,0
423,THUMBS_UP,-408.6656717542466,0.0,150,0.0053498148918151855,0,0
424,THUMBS_UP,-411.4441188807493,0.0,150,0.03201770782470703,0,0
425,OPEN_STOP,-352.6734922316482,0.0,150,0.0,0,0
426,THUMBS_DOWN,-224.0649713259191,0.0,150,0.01984521932899952,0,0
427,THUMBS_DOWN,-224.42195761140445,0.0,150,0.0508689358830452,0,0
428,THUMBS_DOWN,-204.134865138803,0.0,150,0.05541350319981575,0,0
429,THUMBS_UP,-383.0894028128962,0.0,150,0.0,0,0
430,OPEN_STOP,-345.46816006517514,0.0,150,0.0,0,0
431,THUMBS_UP,-410.1370399419684,0.0,150,0.0,0,0
432,OPEN_STOP,-331.9945260387565,0.0,150,0.0040991902351379395,0,0
433,THUMBS_UP,-415.6132147889809,0.0,150,0.0,0,0
434,OPEN_STOP,-343.6607442907803,0.0,150,0.0,0,0
435,THUMBS_UP,-399.45867016993446,0.0,150,0.0,0,0
436,OPEN_STOP,-338.68023778866973,0.0,150,0.07388937473297119,0,0
437,OPEN_STOP,-329.98047853767883,0.0,150,0.08195489645004272,0,0
438,THUMBS_DOWN,-204.35356641392914,0.0,150,0.0,0,0
439,THUMBS_DOWN,-223.66606829837883,0.0,150,0.04727088287472725,0,0
440,THUMBS_UP,-392.710257854151,0.0,150,0.0,0,0
441,THUMBS_DOWN,-221.09385108077902,0.0,150,0.009800255298614502,0,0
442,THUMBS_DOWN,-239.71307166848328,0.0,150,0.0,0,0
443,OPEN_STOP,-327.3368745327184,0.0,150,0.0,0,0
444,THUMBS_DOWN,-211.30917955985296,0.0,150,0.0,0,0
445,THUMBS_DOWN,-203.84838876157542,0.0,150,0.015562593936920166,0,0
446,THUMBS_UP,-390.98928996984284,0.0,150,0.0,0,0
447,THUMBS_DOWN,-226.1541129967943,0.0,150,0.05204347148537636,0,0
448,THUMBS_UP,-391.4859098052606,0.0,150,0.0,0,0
449,THUMBS_UP,-389.1497698728921,0.0,150,0.0,0,0
450,THUMBS_UP,-402.0508198726551,0.0,150,0.0,0,0
451,THUMBS_DOWN,-207.28472982408476,0.0,150,0.007311582565307617,0,0
452,THUMBS_DOWN,-211.30349610202947,0.0,150,0.0,0,0
453,THUMBS_DOWN,-214.71361870806368,0.0,150,0.07313031703233719,0,0
454,OPEN_STOP,-290.83323467643936,0.0,150,0.0,0,0
455,THUMBS_UP,-381.54421878867225,0.0,150,0.0,0,0
456,THUMBS_DOWN,-172.44981316827239,0.0,150,0.0,0,0
457,THUMBS_UP,-388.050255858763,0.0,150,0.0,0,0
458,THUMBS_DOWN,-220.29200963943498,0.0,150,0.039595749229192734,0,0
459,OPEN_STOP,-309.2800344128906,0.0,150,0.05041778087615967,0,0
460,THUMBS_UP,-357.12204513503224,0.0,150,0.0,0,0
461,THUMBS_UP,-372.5579989767819,0.0,150,0.008851349353790283,0,0
462,OPEN_STOP,-291.6997784119334,0.0,150,0.0,0,0
463,THUMBS_DOWN,-191.33113324389794,0.0,150,0.0,0,0
464,OPEN_STOP,-299.7057182631922,0.0,150,0.06709301471710205,0,0
465,OPEN_STOP,-308.0572599793318,0.0,150,0.014284014701843262,0,0
466,THUMBS_DOWN,-201.24522153481837,0.0,150,0.07132559269666672,0,0
467,THUMBS_DOWN,-203.66978885719547,0.0,150,0.05185521021485329,0,0
468,THUMBS_DOWN,-187.76404257044211,0.0,150,0.0,0,0
469,THUMBS_DOWN,-187.97727264086683,0.0,150,0.05157703533768654,0,0
470,OPEN_STOP,-268.6145205915718,0.0,150,0.0,0,0
471,THUMBS_DOWN,-204.36317389719196,0.0,150,0.04785853624343872,0,0
472,OPEN_STOP,-312.2183249504389,0.0,150,0.03925656899809837,0,0
473,THUMBS_UP,-351.7618337883056,0.0,150,0.033631980419158936,0,0
474,THUMBS_DOWN,-181.3586653229128,0.0,150,0.052984002977609634,0,0
475,THUMBS_DOWN,-196.11955403980807,0.0,150,0.08494385331869125,0,0
476,THUMBS_UP,-387.3962224288238,0.0,150,0.0,0,0
477,THUMBS_UP,-356.8415847830475,0.0,150,0.0,0,0
478,OPEN_STOP,-307.9155367208088,0.0,150,0.0,0,0
479,THUMBS_UP,-346.3814498575777,0.0,150,0.0,0,0
480,THUMBS_UP,-365.1356304170193,0.0,150,0.0,0,0
481,THUMBS_UP,-369.79241839415397,0.0,150,0.0,0,0
482,THUMBS_UP,-365.57332720395175,0.0,150,0.0,0,0
483,THUMBS_DOWN,-196.863691518954,0.0,150,0.07095895707607269,0,0
484,THUMBS_DOWN,-176.1087175852735,0.0,150,0.0,0,0
485,THUMBS_DOWN,-196.12684466625555,0.0,150,0.0,0,0
486,THUMBS_DOWN,-189.1867807956716,0.0,150,0.04449815675616264,0,0
487,THUMBS_UP,-375.90344676731615,0.0,150,0.0,0,0
488,THUMBS_UP,-374.9854171194133,0.0,150,0.0,0,0
489,OPEN_STOP,-285.57273450638644,0.0,150,0.054123103618621826,0,0
490,THUMBS_UP,-372.2510638780521,0.0,150,0.0,0,0
491,THUMBS_UP,-335.61302595616775,0.0,150,0.0,0,0
492,THUMBS_DOWN,-191.2699127389501,0.0,150,0.0,0,0
493,OPEN_STOP,-268.3073409901651,0.0,150,0.0,0,0
494,OPEN_STOP,-276.65159851362927,0.0,150,0.1336989402770996,0,0
495,OPEN_STOP,-237.52171570322477,0.0,150,0.03535186126828194,0,0
496,THUMBS_DOWN,-177.4047629460647,0.0,150,0.0,0,0
497,OPEN_STOP,-289.6591775601123,0.0,150,0.0,0,0
498,THUMBS_UP,-343.37525288961825,0.0,150,0.0,0,0
499,THUMBS_DOWN,-190.595305221991,0.0,150,0.03470355272293091,0,0
500,THUMBS_UP,-331.80980935789194,0.0,150,0.0,0,0
501,OPEN_STOP,-278.34384908370674,0.0,150,0.058525145053863525,0,0
502,OPEN_STOP,-229.97436817718665,0.0,150,0.008432447910308838,0,0
503,THUMBS_DOWN,-179.51209284842946,0.0,150,0.08153024315834045,0,0
504,OPEN_STOP,-228.6853994360381,0.0,150,0.01256859302520752,0,0
505,THUMBS_DOWN,-193.16937155607332,0.0,150,0.07923147082328796,0,0
506,THUMBS_DOWN,-168.49093513387575,0.0,150,0.0,0,0
507,THUMBS_UP,-323.2654105606117,0.0,150,0.0,0,0
508,THUMBS_DOWN,-157.17409843956125,0.0,150,0.0,0,0
509,OPEN_STOP,-249.72175104802477,0.0,150,0.04932117089629173,0,0
510,OPEN_STOP,-255.28843289616057,0.0,150,0.0,0,0
511,OPEN_STOP,-242.13681163437207,0.0,150,0.12828248739242554,0,0
512,OPEN_STOP,-269.5929955563276,0.0,150,0.0,0,0
513,OPEN_STOP,-271.02650176001725,0.0,150,0.04027470201253891,0,0
514,OPEN_STOP,-243.77036686073984,0.0,150,0.07125824689865112,0,0
515,THUMBS_DOWN,-168.27767352652745,0.0,150,0.0,0,0
516,OPEN_STOP,-263.4221285047755,0.0,150,0.0,0,0
517,THUMBS_UP,-327.3113765305282,0.0,150,0.0,0,0
518,THUMBS_UP,-336.2785573496483,0.0,150,0.0,0,0
519,THUMBS_DOWN,-173.52344334702713,0.0,150,0.011884510517120361,0,0
520,THUMBS_DOWN,-181.56403350682012,0.0,150,0.04594254866242409,0,0
521,THUMBS_UP,-333.69767387767564,0.0,150,0.0,0,0
522,THUMBS_UP,-314.3876267741902,0.0,150,0.0,0,0
523,OPEN_STOP,-246.62003338165118,0.0,150,0.0,0,0
524,OPEN_STOP,-257.10114340554935,0.0,150,0.02170102298259735,0,0
525,THUMBS_UP,-338.5266192251072,0.0,150,0.0,0,0
526,THUMBS_UP,-310.128850178197,0.0,150,0.0,0,0
527,THUMBS_DOWN,-176.1130519028707,0.0,150,0.09661983698606491,0,0
528,THUMBS_DOWN,-193.864377394854,0.0,150,0.0,0,0
529,THUMBS_DOWN,-186.8822713075484,0.0,150,0.02269965410232544,0,0
530,OPEN_STOP,-252.67461148206144,0.0,150,0.0,0,0
531,THUMBS_UP,-317.8663864532263,0.0,150,0.0,0,0
532,OPEN_STOP,-235.0516551425495,0.0,150,0.03381036967039108,0,0
533,OPEN_STOP,-193.62112370787187,0.0,150,0.0,0,0
534,THUMBS_DOWN,-166.4242405779566,0.0,150,0.0,0,0
535,THUMBS_DOWN,-181.73786551657196,0.0,150,0.0,0,0
536,THUMBS_DOWN,-192.92816388734155,0.0,150,0.0,0,0
537,THUMBS_DOWN,-150.9535138791403,0.0,150,0.0023605823516845703,0,0
538,THUMBS_DOWN,-200.44812207822466,0.0,150,0.01613880880177021,0,0
539,THUMBS_UP,-314.7233146078139,0.0,150,0.0,0,0
540,THUMBS_UP,-322.0434775199556,0.0,150,0.0,0,0
541,OPEN_STOP,-207.6475505993329,0.0,150,0.017801525071263313,0,0
542,THUMBS_DOWN,-178.16027308034705,0.0,150,0.0061710551381111145,0,0
543,OPEN_STOP,-203.17219200261627,0.0,150,0.044547319412231445,0,0
544,THUMBS_UP,-318.5554038944935,0.0,150,0.0,0,0
545,THUMBS_DOWN,-178.3614159754117,0.0,150,0.0,0,0
546,THUMBS_UP,-302.0177126083885,0.0,150,0.0,0,0
547,THUMBS_UP,-301.4817863578536,0.0,150,0.0,0,0
548,OPEN_STOP,-202.2086355636875,0.0,150,0.0,0,0
549,THUMBS_UP,-295.0420393042405,0.0,150,0.0,0,0
550,THUMBS_UP,-305.8630417656805,0.0,150,0.0,0,0
551,OPEN_STOP,-213.87710266204496,0.0,150,0.0021129900123924017,0,0
552,OPEN_STOP,-178.60331881710098,0.0,150,0.0,0,0
553,THUMBS_DOWN,-164.60221294201904,0.0,150,0.0,0,0
554,OPEN_STOP,-197.44219022665172,0.0,150,0.04857522249221802,0,0
555,THUMBS_UP,-297.615217461735,0.0,150,0.0,0,0
556,THUMBS_UP,-306.1885312013306,0.0,150,0.0,0,0
557,THUMBS_UP,-297.97246928345174,0.0,150,0.0,0,0
558,THUMBS_UP,-300.8428838783223,0.0,150,0.0,0,0
559,OPEN_STOP,-185.73453928677367,0.0,150,0.007086396217346191,0,0
560,THUMBS_UP,-288.9071132855398,0.0,150,0.0,0,0
561,THUMBS_DOWN,-180.24553678163323,0.0,150,0.0,0,0
562,THUMBS_DOWN,-154.35542353308296,0.0,150,0.0011667609214782715,0,0
563,OPEN_STOP,-183.44152786230663,0.0,150,0.03920209780335426,0,0
564,OPEN_STOP,-173.69026333577935,0.0,150,0.018548576161265373,0,0
565,OPEN_STOP,-175.60654660526188,0.0,150,0.06918185949325562,0,0
566,THUMBS_UP,-291.7972633893548,0.0,150,0.0,0,0
567,THUMBS_UP,-280.6707574057579,0.0,150,0.0,0,0
568,THUMBS_DOWN,-160.4840670962725,0.0,150,0.00017267465591430664,0,0
569,OPEN_STOP,-190.29359320269432,0.0,150,0.04457651823759079,0,0
570,THUMBS_DOWN,-190.95085934447596,0.0,150,0.004454433917999268,0,0
571,THUMBS_DOWN,-195.53967627292965,0.0,150,0.02700803428888321,0,0
572,OPEN_STOP,-201.4208080393262,0.0,150,0.05932662636041641,0,0
573,THUMBS_DOWN,-181.3532328891247,0.0,150,0.0645633339881897,0,0
574,THUMBS_UP,-292.08507187772665,0.0,150,0.0,0,0
575,THUMBS_DOWN,-130.937676071911,0.0,150,0.04352980852127075,0,0
576,OPEN_STOP,-185.74347815362736,0.0,150,0.017424266785383224,0,0
577,THUMBS_UP,-293.73003488151517,0.0,150,0.0,0,0
578,THUMBS_UP,-299.7561825671512,0.0,150,0.0,0,0
579,THUMBS_DOWN,-94.13133015415399,1.0,121,0.010918336920440197,0,0
580,THUMBS_DOWN,-131.1216279603029,0.0,150,0.0,0,0
581,THUMBS_DOWN,-127.97591561876008,0.0,150,0.08239801228046417,0,0
582,THUMBS_DOWN,-151.27312609657412,0.0,150,0.0,0,0
583,THUMBS_UP,-295.3787979454733,0.0,150,0.0,0,0
584,OPEN_STOP,-173.44318560139274,0.0,150,0.04626018553972244,0,0
585,THUMBS_DOWN,-142.67565146334465,0.0,150,0.0,0,0
586,THUMBS_DOWN,-120.20039499340808,0.0,150,0.0,0,0
587,THUMBS_UP,-274.08461295992134,0.0,150,0.0,0,0
588,OPEN_STOP,-183.5408692731336,0.0,150,0.06997380405664444,0,0
589,OPEN_STOP,-166.29698432035974,0.0,150,0.03306226432323456,0,0
590,OPEN_STOP,-158.72457135662845,0.0,150,0.0,0,0
591,THUMBS_UP,-297.3384137249366,0.0,150,0.0,0,0
592,THUMBS_UP,-291.5627152083443,0.0,150,0.0,0,0
593,THUMBS_DOWN,-131.57789013234907,0.0,150,0.0,0,0
594,OPEN_STOP,-167.6931381288962,0.0,150,0.11118541657924652,0,0
595,THUMBS_DOWN,-124.90115286913473,0.0,150,0.039680659770965576,0,0
596,THUMBS_DOWN,-124.71514626138844,0.0,150,0.008383214473724365,0,0
597,OPEN_STOP,-194.54742869211358,0.0,150,0.06082122027873993,0,0
598,THUMBS_DOWN,-128.56018222656684,0.0,150,0.0011917948722839355,0,0
599,OPEN_STOP,-164.76508967194695,0.0,150,0.047883693128824234,0,0
600,THUMBS_DOWN,-133.4356559545826,0.0,150,0.048215724527835846,0,0
601,OPEN_STOP,-163.577283482626,0.0,150,0.09978127479553223,0,0
602,THUMBS_DOWN,-137.00153172846882,0.0,150,0.03587445244193077,0,0
603,THUMBS_UP,-285.75408618678796,0.0,150,0.0,0,0
604,THUMBS_UP,-294.23149448702117,0.0,150,0.0,0,0
605,OPEN_STOP,-173.46816378070025,0.0,150,0.27363237738609314,0,0
606,THUMBS_DOWN,-141.20554241139445,0.0,150,0.02771233208477497,0,0
607,THUMBS_DOWN,-123.5580275003938,0.0,150,0.0,0,0
608,THUMBS_UP,-290.601327438045,0.0,150,0.0,0,0
609,OPEN_STOP,-156.28768017904372,0.0,150,0.015781939029693604,0,0
610,OPEN_STOP,-156.4404699735995,0.0,150,0.04831058159470558,0,0
611,THUMBS_DOWN,-159.5591714664735,0.0,150,0.13116832077503204,0,0
612,THUMBS_DOWN,-117.47833734820014,0.0,150,0.03760695457458496,0,0
613,THUMBS_UP,-288.4254705852177,0.0,150,0.0,0,0
614,THUMBS_DOWN,-113.05768039903953,0.0,150,0.014233214780688286,0,0
615,THUMBS_UP,-270.6398482906975,0.0,150,0.0,0,0
616,OPEN_STOP,-160.4186561677092,0.0,150,0.05592868849635124,0,0
617,THUMBS_DOWN,-142.92686512052092,0.0,150,0.017645901069045067,0,0
618,THUMBS_UP,-292.0941389843542,0.0,150,0.0,0,0
619,THUMBS_UP,-287.20397704387375,0.0,150,0.0,0,0
620,OPEN_STOP,-152.66909070413553,0.0,150,0.05325329303741455,0,0
621,THUMBS_UP,-261.67526308898,0.0,150,0.0,0,0
622,THUMBS_UP,-271.3242462862049,0.0,150,0.0,0,0
623,OPEN_STOP,-148.06861328573675,0.0,150,0.0,0,0
624,OPEN_STOP,-143.39380014929915,0.0,150,0.06569855660200119,0,0
625,THUMBS_UP,-273.87361940707075,0.0,150,0.0,0,0
626,OPEN_STOP,-167.98121716642748,0.0,150,0.09398871660232544,0,0
627,OPEN_STOP,-158.49967556692667,0.0,150,0.0,0,0
628,THUMBS_UP,-289.0828822539607,0.0,150,0.017343344166874886,0,0
629,THUMBS_UP,-280.64493451263763,0.0,150,0.0,0,0
630,OPEN_STOP,-150.11655602262348,0.0,150,0.0015003085136413574,0,0
631,THUMBS_UP,-271.6097113277204,0.0,150,0.0,0,0
632,THUMBS_DOWN,-143.53112086684914,0.0,150,0.03444552421569824,0,0
633,THUMBS_UP,-253.7428033691644,0.0,150,0.0,0,0
634,OPEN_STOP,-142.19586823983462,0.0,150,0.029084809124469757,0,0
635,THUMBS_UP,-272.0827071837615,0.0,150,0.0,0,0
636,OPEN_STOP,-153.86336321934124,0.0,150,0.04780382663011551,0,0
637,OPEN_STOP,-160.61612921520612,0.0,150,0.014739933423697948,0,0
638,THUMBS_DOWN,-144.46924910389947,0.0,150,0.008944272994995117,0,0
639,OPEN_STOP,-161.49808823005304,0.0,150,0.07219350337982178,0,0
640,THUMBS_DOWN,-151.07513806244825,0.0,150,0.0,0,0
641,THUMBS_UP,-262.26659259362157,0.0,150,0.0,0,0
642,OPEN_STOP,-162.2311619192921,0.0,150,0.14788424968719482,0,0
643,THUMBS_DOWN,-155.47184909849415,0.0,150,0.09904706478118896,0,0
644,OPEN_STOP,-142.2482250457769,0.0,150,0.15431903302669525,0,0
645,THUMBS_DOWN,-143.62626429598774,0.0,150,0.01192176342010498,0,0
646,THUMBS_UP,-253.49753966773164,0.0,150,0.0,0,0
647,THUMBS_DOWN,-153.9130861491618,0.0,150,0.0,0,0
648,THUMBS_UP,-256.87239332908763,0.0,150,0.0,0,0
649,OPEN_STOP,-140.09862490233672,0.0,150,0.0,0,0
650,THUMBS_DOWN,-158.67927704188043,0.0,150,0.04262042045593262,0,0
651,OPEN_STOP,-147.81174603069195,0.0,150,0.05367398262023926,0,0
652,THUMBS_UP,-242.10871439250195,0.0,150,0.0,0,0
653,OPEN_STOP,-159.33846890699584,0.0,150,0.029858596622943878,0,0
654,OPEN_STOP,-138.7684087977187,0.0,150,0.0,0,0
655,OPEN_STOP,-155.39318618720625,0.0,150,0.10114844888448715,0,0
656,THUMBS_UP,-221.66135725928473,0.0,150,0.0,0,0
657,THUMBS_UP,-257.7016580530814,0.0,150,0.0,0,0
658,THUMBS_UP,-248.38974828693097,0.0,150,0.0,0,0
659,THUMBS_DOWN,-169.86882564920478,0.0,150,0.03278646618127823,0,0
660,THUMBS_UP,-248.59802155523087,0.0,150,0.0,0,0
661,OPEN_STOP,-142.34589880404985,0.0,150,0.05681147798895836,0,0
662,THUMBS_DOWN,-184.4528197539272,0.0,150,0.009192824363708496,0,0
663,OPEN_STOP,-143.63238583875352,0.0,150,0.06207845360040665,0,0
664,THUMBS_UP,-247.60774364748048,0.0,150,0.0,0,0
665,THUMBS_UP,-249.5176697918028,0.0,150,0.0,0,0
666,THUMBS_UP,-219.50742979602194,0.0,150,0.0019316676771268249,0,0
667,OPEN_STOP,-143.85168534460476,0.0,150,0.07556836307048798,0,0
668,THUMBS_UP,-240.95107618310487,0.0,150,0.0,0,0
669,OPEN_STOP,-132.4989729489526,0.0,150,0.009218811988830566,0,0
670,THUMBS_UP,-242.92040197990843,0.0,150,0.0,0,0
671,OPEN_STOP,-142.59507691680452,0.0,150,0.060813724994659424,0,0
672,OPEN_STOP,-124.90064122257756,0.0,150,0.0,0,0
673,THUMBS_DOWN,-204.9302833373239,0.0,150,0.0729210302233696,0,0
674,THUMBS_UP,-211.1175785012915,0.0,150,0.0,0,0
675,OPEN_STOP,-138.2892462875135,0.0,150,0.23179833590984344,0,0
676,OPEN_STOP,-139.24274224329747,0.0,150,0.06753534078598022,0,0
677,THUMBS_DOWN,-192.02879582300795,0.0,150,0.011924238875508308,0,0
678,THUMBS_UP,-232.83178797665985,0.0,150,0.0,0,0
679,OPEN_STOP,-150.37059096325189,0.0,150,0.0,0,0
680,OPEN_STOP,-136.2552390092914,0.0,150,0.1985897272825241,0,0
681,THUMBS_UP,-219.49293417554352,0.0,150,0.0,0,0
682,THUMBS_DOWN,-233.70133694738146,0.0,150,0.02906966209411621,0,0
683,OPEN_STOP,-136.409895808819,0.0,150,0.09172870963811874,0,0
684,THUMBS_UP,-221.96088998049495,0.0,150,0.0,0,0
685,THUMBS_UP,-229.50810698583726,0.0,150,0.0,0,0
686,THUMBS_DOWN,-231.10128391551777,0.0,150,0.19929955899715424,0,0
687,THUMBS_DOWN,-220.06320837035773,0.0,150,0.010586977005004883,0,0
688,THUMBS_DOWN,-237.4581780852052,0.0,150,0.05056333541870117,0,0
689,OPEN_STOP,-117.14023985667154,0.0,150,0.022334814071655273,0,0
690,OPEN_STOP,-127.66112780339549,0.0,150,0.10845589637756348,0,0
691,OPEN_STOP,-133.88975399105811,0.0,150,0.019226789474487305,0,0
692,THUMBS_UP,-236.96669380027802,0.0,150,0.0,0,0
693,OPEN_STOP,-123.69752026251982,0.0,150,0.03454413264989853,0,0
694,OPEN_STOP,-142.27485299388886,0.0,150,0.07924237847328186,0,0
695,THUMBS_DOWN,-225.7228644582163,0.0,150,0.0980883240699768,0,0
696,THUMBS_UP,-236.56805643640462,0.0,150,0.0,0,0
697,THUMBS_DOWN,-199.3738772488759,0.0,150,0.12715506553649902,0,0
698,THUMBS_UP,-236.14769743546836,0.0,150,0.0,0,0
699,THUMBS_UP,-231.45455860901615,0.0,150,0.0,0,0
700,THUMBS_UP,-215.15062830694023,0.0,150,0.0,0,0
701,THUMBS_DOWN,-210.61249087560935,0.0,150,0.10086198896169662,0,0
702,THUMBS_DOWN,-215.72158509097756,0.0,150,0.08874088525772095,0,0
703,OPEN_STOP,-134.94418015901937,0.0,150,0.0,0,0
704,THUMBS_DOWN,-204.94739625018093,0.0,150,0.03550833463668823,0,0
705,THUMBS_DOWN,-242.52035061080022,0.0,150,0.14657537639141083,0,0
706,THUMBS_DOWN,-214.0876969859586,0.0,150,0.09176851809024811,0,0
707,THUMBS_UP,-220.23747677193955,0.0,150,0.0,0,0
708,THUMBS_UP,-230.5057078832761,0.0,150,0.0,0,0
709,THUMBS_UP,-224.22683002263307,0.0,150,0.0,0,0
710,THUMBS_UP,-225.42652001060546,0.0,150,0.0,0,0
711,THUMBS_DOWN,-208.54723524982805,0.0,150,0.0006032794481143355,0,0
712,OPEN_STOP,-124.8387154077948,0.0,150,0.02345050685107708,0,0
713,OPEN_STOP,-115.72152297879578,0.0,150,0.08339129388332367,0,0
714,OPEN_STOP,-146.80949042506978,0.0,150,0.1055002212524414,0,0
715,THUMBS_UP,-226.10813703245483,0.0,150,0.0,0,0
716,THUMBS_DOWN,-216.68620682680984,0.0,150,0.11064256727695465,0,0
717,THUMBS_UP,-230.22963114595046,0.0,150,0.0,0,0
718,THUMBS_DOWN,-211.06477042714135,0.0,150,0.10917525738477707,0,0
719,OPEN_STOP,-135.6080013357383,0.0,150,0.0,0,0
720,OPEN_STOP,-144.42228603512052,0.0,150,0.05572742968797684,0,0
721,THUMBS_DOWN,-241.14488267185166,0.0,150,0.11432629078626633,0,0
722,OPEN_STOP,-131.7339410497062,0.0,150,0.11829371750354767,0,0
723,THUMBS_UP,-226.56632113389676,0.0,150,0.0,0,0
724,THUMBS_DOWN,-229.09574496948636,0.0,150,0.08713151514530182,0,0
725,OPEN_STOP,-127.8136423060018,0.0,150,0.046304620802402496,0,0
726,OPEN_STOP,-111.52754983159714,0.0,150,0.0,0,0
727,THUMBS_UP,-259.2981646231748,0.0,150,0.0,0,0
728,THUMBS_UP,-234.112400237322,0.0,150,0.0,0,0
729,THUMBS_UP,-221.9080292260925,0.0,150,0.0,0,0
730,THUMBS_DOWN,-237.09435964918,0.0,150,0.12093245983123779,0,0
731,THUMBS_DOWN,-225.12385882528037,0.0,150,0.021030783653259277,0,0
732,THUMBS_UP,-225.75775639403605,0.0,150,0.0,0,0
733,THUMBS_DOWN,-200.59836042381818,0.0,150,0.11446038633584976,0,0
734,THUMBS_UP,-226.55957334749397,0.0,150,0.0,0,0
735,THUMBS_DOWN,-200.78837507258623,0.0,150,0.09524080157279968,0,0
736,THUMBS_UP,-229.387297145156,0.0,150,0.0,0,0
737,THUMBS_DOWN,-225.46303688850023,0.0,150,0.14808867871761322,0,0
738,THUMBS_DOWN,-229.49140565288263,0.0,150,0.04640232026576996,0,0
739,THUMBS_UP,-242.71107891652736,0.0,150,0.0,0,0
740,THUMBS_DOWN,-222.32590095028056,0.0,150,0.0852239802479744,0,0
741,OPEN_STOP,-124.65344053924085,0.0,150,0.03302096202969551,0,0
742,THUMBS_UP,-226.16164713163866,0.0,150,0.0,0,0
743,THUMBS_DOWN,-211.2384258930012,0.0,150,0.0,0,0
744,OPEN_STOP,-139.98457288039856,0.0,150,0.03624534606933594,0,0
745,OPEN_STOP,-130.1056309023127,0.0,150,0.0,0,0
746,THUMBS_DOWN,-236.28698017797436,0.0,150,0.09654296189546585,0,0
747,THUMBS_UP,-230.37237846955657,0.0,150,0.0,0,0
748,OPEN_STOP,-120.50640500082635,0.0,150,0.02065979316830635,0,0
749,OPEN_STOP,-143.8624751165416,0.0,150,0.09384077787399292,0,0
750,THUMBS_UP,-228.83463679164635,0.0,150,0.0,0,0
751,OPEN_STOP,-121.07699202170592,0.0,150,0.07251065969467163,0,0
752,OPEN_STOP,-111.72126300954262,0.0,150,0.05284261703491211,0,0
753,THUMBS_DOWN,-239.90350483060348,0.0,150,0.09887421131134033,0,0
754,THUMBS_UP,-232.11537534505118,0.0,150,0.0,0,0
755,THUMBS_UP,-233.5323236666619,0.0,150,0.0,0,0
756,THUMBS_DOWN,-216.01669764652854,0.0,150,0.06627881526947021,0,0
757,THUMBS_UP,-213.9695553648146,0.0,150,0.0,0,0
758,OPEN_STOP,-154.33254893011414,0.0,150,0.13140666484832764,0,0
759,THUMBS_UP,-236.27206244230285,0.0,150,0.0,0,0
760,THUMBS_DOWN,-189.42104806327256,0.0,150,0.06489453464746475,0,0
761,OPEN_STOP,-128.20985044146892,0.0,150,0.14005209505558014,0,0
762,OPEN_STOP,-108.45414911594212,0.0,150,0.026068836450576782,0,0
763,OPEN_STOP,-117.42525837258431,0.0,150,0.013815581798553467,0,0
764,THUMBS_UP,-243.12156833423307,0.0,150,0.0,0,0
765,THUMBS_UP,-259.63087004013335,0.0,150,0.0,0,0
766,THUMBS_UP,-244.620310330937,0.0,150,0.0,0,0
767,OPEN_STOP,-112.1543014756218,0.0,150,0.02850155346095562,0,0
768,OPEN_STOP,-119.36027095735074,0.0,150,0.033287160098552704,0,0
769,THUMBS_UP,-224.01819643891406,0.0,150,0.0,0,0
770,THUMBS_UP,-234.83034954488286,0.0,150,0.0,0,0
771,THUMBS_UP,-224.65572943699328,0.0,150,0.0,0,0
772,THUMBS_UP,-223.58207054972655,0.0,150,0.0,0,0
773,OPEN_STOP,-119.21287566646706,0.0,150,0.04632985591888428,0,0
774,THUMBS_UP,-238.22548314710087,0.0,150,0.0,0,0
775,THUMBS_UP,-212.43482214894607,0.0,150,0.0,0,0
776,THUMBS_UP,-218.85706950776293,0.0,150,0.0,0,0
777,OPEN_STOP,-109.99824092303872,0.0,150,0.005612358916550875,0,0
778,OPEN_STOP,-102.21301848334956,0.0,150,0.0914120078086853,0,0
779,OPEN_STOP,-70.14934446753266,1.0,129,0.017217159271240234,0,0
780,THUMBS_DOWN,-209.82670383772526,0.0,150,0.047760870307683945,0,0
781,THUMBS_UP,-208.29051502944904,0.0,150,0.0,0,0
782,THUMBS_UP,-205.83984024120483,0.0,150,0.0,0,0
783,THUMBS_UP,-214.0310596186296,0.0,150,0.0,0,0
784,THUMBS_UP,-211.50077708534207,0.0,150,0.0,0,0
785,OPEN_STOP,-126.88115435855458,0.0,150,0.0481216236948967,0,0
786,THUMBS_UP,-188.87853561008353,0.0,150,0.0,0,0
787,OPEN_STOP,-92.225843023695,0.0,150,0.013837099075317383,0,0
788,THUMBS_DOWN,-255.1209406966623,0.0,150,0.21876685321331024,0,0
789,OPEN_STOP,-103.46847577211508,0.0,150,0.0,0,0
790,THUMBS_UP,-209.23038498566487,0.0,150,0.0,0,0
791,THUMBS_UP,-215.44518628368476,0.0,150,0.0,0,0
792,THUMBS_DOWN,-263.480285160807,0.0,150,0.29980024695396423,0,0
793,THUMBS_UP,-174.1301356074272,0.0,150,0.0,0,0
794,THUMBS_DOWN,-236.87217192391398,0.0,150,0.20633316040039062,0,0
795,THUMBS_DOWN,-246.03944629421463,0.0,150,0.19686304032802582,0,0
796,THUMBS_UP,-174.7436219401471,0.0,150,0.0,0,0
797,THUMBS_UP,-182.42994095441887,0.0,150,0.0,0,0
798,THUMBS_UP,-173.76572640846484,0.0,150,0.0,0,0
799,THUMBS_UP,-174.44798831203016,0.0,150,0.0,0,0
800,THUMBS_UP,-198.2612614087947,0.0,150,0.0,0,0
801,OPEN_STOP,-112.80561522446578,0.0,150,0.01607280969619751,0,0
802,OPEN_STOP,-117.22747470473875,0.0,150,0.051080286502838135,0,0
803,THUMBS_UP,-182.00472580268976,0.0,150,0.0,0,0
804,THUMBS_UP,-171.99091766847297,0.0,150,0.0,0,0
805,THUMBS_DOWN,-244.54165196624112,0.0,150,0.30138659477233887,0,0
806,THUMBS_DOWN,-258.95377899531275,0.0,150,0.2749026417732239,0,0
807,OPEN_STOP,-58.381369630447615,1.0,85,0.04059654474258423,0,0
808,THUMBS_DOWN,-234.97514583771812,0.0,150,0.31010550260543823,0,0
809,OPEN_STOP,-100.90159573964019,0.0,150,0.02651304006576538,0,0
810,THUMBS_DOWN,-247.99556678151697,0.0,150,0.17297355830669403,0,0
811,OPEN_STOP,-97.03640702215021,0.0,150,0.03315116465091705,0,0
812,OPEN_STOP,-46.36941092666473,1.0,86,0.0,0,0
813,THUMBS_DOWN,-244.04603878843605,0.0,150,0.17898336052894592,0,0
814,THUMBS_UP,-184.98702036330482,0.0,150,0.0,0,0
815,THUMBS_DOWN,-265.8165009542276,0.0,150,0.300718754529953,0,0
816,THUMBS_DOWN,-277.9715548977907,0.0,150,0.3564205467700958,0,0
817,OPEN_STOP,-112.98722434079274,0.0,150,0.008507763035595417,0,0
818,OPEN_STOP,-116.42716305260086,0.0,150,0.0,0,0
819,OPEN_STOP,-110.00636347183033,0.0,150,0.087945856153965,0,0
820,THUMBS_UP,-172.35401595863522,0.0,150,0.0,0,0
821,THUMBS_UP,-177.3122439542087,0.0,150,0.0,0,0
822,THUMBS_UP,-171.08045199617752,0.0,150,0.0,0,0
823,THUMBS_UP,-165.08140391146065,0.0,150,0.0,0,0
824,THUMBS_UP,-168.59159155125266,0.0,150,0.0,0,0
825,OPEN_STOP,-105.20196783733633,0.0,150,0.0020030736923217773,0,0
826,THUMBS_DOWN,-262.45975811192767,0.0,150,0.4456706643104553,0,0
827,OPEN_STOP,-53.18961182277651,1.0,120,0.0,0,0
828,OPEN_STOP,-128.99235706075106,0.0,150,0.0,0,0
829,OPEN_STOP,-94.33408235138862,0.0,150,0.0,0,0
830,OPEN_STOP,-105.58404026542098,0.0,150,0.05195804685354233,0,0
831,THUMBS_DOWN,-237.41156922956927,0.0,150,0.3788142204284668,0,0
832,THUMBS_UP,-182.20770883087062,0.0,150,0.0,0,0
833,OPEN_STOP,-111.13125934362972,0.0,150,0.0635560154914856,0,0
834,THUMBS_UP,-161.0647300795699,0.0,150,0.0,0,0
835,THUMBS_DOWN,-228.93807204706602,0.0,150,0.12071716785430908,0,0
836,THUMBS_UP,-153.49966245524573,0.0,150,0.0,0,0
837,THUMBS_UP,-158.9821235132218,0.0,150,0.0,0,0
838,THUMBS_DOWN,-217.20849258249635,0.0,150,0.17727793753147125,0,0
839,OPEN_STOP,-61.22784055998784,1.0,126,0.01638728566467762,0,0
840,OPEN_STOP,-100.8930646744207,0.0,150,0.0252382755279541,0,0
841,OPEN_STOP,-100.31603065505624,0.0,150,0.053172968327999115,0,0
842,OPEN_STOP,-106.26344045153832,0.0,150,0.0,0,0
843,THUMBS_UP,-145.71523785259575,0.0,150,0.0,0,0
844,THUMBS_DOWN,-228.50474605496967,0.0,150,0.10619369894266129,0,0
845,THUMBS_UP,-156.34737734450033,0.0,150,0.0,0,0
846,THUMBS_DOWN,-254.78484068743873,0.0,150,0.20303180813789368,0,0
847,THUMBS_DOWN,-245.18655164951448,0.0,150,0.1950969696044922,0,0
848,OPEN_STOP,-81.72369112105108,0.0,150,0.06051343306899071,0,0
849,THUMBS_UP,-150.06662427330266,0.0,150,0.0,0,0
850,OPEN_STOP,-108.11220482421488,0.0,150,0.041185732930898666,0,0
851,OPEN_STOP,-123.04323504287456,0.0,150,0.012549730017781258,0,0
852,OPEN_STOP,-86.87950591434725,0.0,150,0.005598723888397217,0,0
853,OPEN_STOP,-119.64361666398594,0.0,150,0.023221587762236595,0,0
854,THUMBS_UP,-158.5091307920614,0.0,150,0.0,0,0
855,OPEN_STOP,-134.16136534862218,0.0,150,0.034082576632499695,0,0
856,THUMBS_DOWN,-218.6401463510655,0.0,150,0.0162622332572937,0,0
857,OPEN_STOP,-105.82813398922333,0.0,150,0.07611113786697388,0,0
858,OPEN_STOP,-100.02383924256078,0.0,150,0.047891370952129364,0,0
859,THUMBS_UP,-148.26241609225048,0.0,150,0.0,0,0
860,THUMBS_UP,-145.417628264057,0.0,150,0.0,0,0
861,THUMBS_UP,-147.37419519248303,0.0,150,0.0,0,0
862,THUMBS_DOWN,-230.89422368826814,0.0,150,0.11960642784833908,0,0
863,OPEN_STOP,-126.57037131416604,0.0,150,0.12357405573129654,0,0
864,THUMBS_UP,-140.18618648492736,0.0,150,0.0,0,0
865,THUMBS_UP,-148.17204793493272,0.0,150,0.0,0,0
866,THUMBS_UP,-146.6986874832445,0.0,150,0.0,0,0
867,OPEN_STOP,-41.74811424139885,1.0,67,0.03941337391734123,0,0
868,THUMBS_DOWN,-218.08439970483528,0.0,150,0.18294571340084076,0,0
869,THUMBS_DOWN,-251.61284923612146,0.0,150,0.2885630130767822,0,0
870,THUMBS_UP,-152.86840382709164,0.0,150,0.0,0,0
871,THUMBS_DOWN,-216.81576917197793,0.0,150,0.18464374542236328,0,0
872,OPEN_STOP,-105.6142151438212,0.0,150,0.08354222774505615,0,0
873,THUMBS_DOWN,-215.6343082561576,0.0,150,0.11745090782642365,0,0
874,THUMBS_UP,-163.95444019163028,0.0,150,0.0,0,0
875,THUMBS_DOWN,-226.90590784439343,0.0,150,0.19989188015460968,0,0
876,THUMBS_UP,-144.3716235178405,0.0,150,0.0,0,0
877,THUMBS_DOWN,-235.50539313293766,0.0,150,0.18064142763614655,0,0
878,OPEN_STOP,-115.14560604868451,0.0,150,0.007996559143066406,0,0
879,THUMBS_UP,-148.53960009068888,0.0,150,0.0,0,0
880,OPEN_STOP,-86.95685364534849,0.0,150,0.042608946561813354,0,0
881,THUMBS_DOWN,-231.2053529389389,0.0,150,0.0487976111471653,0,0
882,THUMBS_DOWN,-235.23554867663873,0.0,150,0.1638132929801941,0,0
883,THUMBS_DOWN,-233.83702749676542,0.0,150,0.05968552082777023,0,0
884,THUMBS_DOWN,-224.23348487069012,0.0,150,0.12625752389431,0,0
885,THUMBS_DOWN,-235.38037490085705,0.0,150,0.1154446080327034,0,0
886,THUMBS_UP,-148.08256623856965,0.0,150,0.0,0,0
887,THUMBS_UP,-149.3781317067939,0.0,150,0.0,0,0
888,THUMBS_DOWN,-241.448509202227,0.0,150,0.12208317220211029,0,0
889,THUMBS_DOWN,-238.37411187224095,0.0,150,0.272751122713089,0,0
890,THUMBS_DOWN,-216.2867874370702,0.0,150,0.141530841588974,0,0
891,OPEN_STOP,-99.25891038863341,0.0,150,0.05551498383283615,0,0
892,OPEN_STOP,-84.5392764475942,0.0,150,0.0,0,0
893,THUMBS_UP,-133.15687884885818,0.0,150,0.0,0,0
894,THUMBS_DOWN,-212.70782199947158,0.0,150,0.1431511640548706,0,0
895,THUMBS_UP,-155.30114617502323,0.0,150,0.0,0,0
896,THUMBS_UP,-148.2417130261288,0.0,150,0.0,0,0
897,THUMBS_DOWN,-228.81442378591748,0.0,150,0.15764887630939484,0,0
898,THUMBS_UP,-152.89476178777863,0.0,150,0.0,0,0
899,THUMBS_UP,-157.24775387704838,0.0,150,0.0,0,0
900,OPEN_STOP,-67.82093619446968,1.0,125,0.041852910071611404,0,0
901,THUMBS_UP,-153.36638698272404,0.0,150,0.0,0,0
902,THUMBS_UP,-151.89274566245118,0.0,150,0.0,0,0
903,OPEN_STOP,-59.34897169129225,1.0,104,0.0,0,0
904,THUMBS_DOWN,-257.1130001741089,0.0,150,0.22714385390281677,0,0
905,OPEN_STOP,-43.919409448872344,1.0,67,0.005650543607771397,0,0
906,THUMBS_UP,-156.28438006792112,0.0,150,0.0,0,0
907,THUMBS_DOWN,-271.33588272482154,0.0,150,0.38392701745033264,0,0
908,OPEN_STOP,-121.71216985003907,0.0,150,0.011287262663245201,0,0
909,OPEN_STOP,-131.1618854271248,0.0,150,0.039373502135276794,0,0
910,THUMBS_DOWN,-273.3218160461263,0.0,150,0.3433617353439331,0,0
911,THUMBS_UP,-150.38559012743406,0.0,150,0.0,0,0
912,THUMBS_DOWN,-271.89231314260525,0.0,150,0.36245620250701904,0,0
913,THUMBS_UP,-138.98992133132265,0.0,150,0.0,0,0
914,THUMBS_UP,-117.60228359927662,1.0,141,0.0,0,0
915,OPEN_STOP,-97.62183975510298,0.0,150,0.0,0,0
916,THUMBS_DOWN,-249.79416271146394,0.0,150,0.24760398268699646,0,0
917,THUMBS_DOWN,-309.61425292330335,0.0,150,0.2739569842815399,0,0
918,THUMBS_DOWN,-263.30305294194955,0.0,150,0.24740414321422577,0,0
919,OPEN_STOP,-42.09601001841245,1.0,94,0.00851551815867424,0,0
920,THUMBS_DOWN,-264.4749566480518,0.0,150,0.24948225915431976,0,0
921,THUMBS_DOWN,-264.6571917656622,0.0,150,0.44721847772598267,0,0
922,OPEN_STOP,-32.92111989153549,1.0,41,0.008213996887207031,0,0
923,OPEN_STOP,-84.16521937097777,0.0,150,0.10558442771434784,0,0
924,OPEN_STOP,-114.17101169614585,0.0,150,0.09973900765180588,0,0
925,THUMBS_DOWN,-232.98288221510128,0.0,150,0.24452930688858032,0,0
926,THUMBS_UP,-141.98449725523594,0.0,150,0.0,0,0
927,THUMBS_DOWN,-241.26742281364974,0.0,150,0.3173266351222992,0,0
928,THUMBS_DOWN,-256.32380870625377,0.0,150,0.28978168964385986,0,0
929,THUMBS_DOWN,-250.25595776353956,0.0,150,0.1934226155281067,0,0
930,THUMBS_UP,-140.34607201695783,0.0,150,0.0,0,0
931,THUMBS_UP,-147.76026986504206,0.0,150,0.0,0,0
932,THUMBS_DOWN,-266.3450554375165,0.0,150,0.3881906569004059,0,0
933,OPEN_STOP,-85.93471641451116,0.0,150,0.0,0,0
934,OPEN_STOP,-94.07099624973259,0.0,150,0.0,0,0
935,THUMBS_UP,-142.51133931400133,0.0,150,0.0,0,0
936,OPEN_STOP,-98.12907416053116,0.0,150,0.10199923068284988,0,0
937,THUMBS_DOWN,-288.8984746278985,0.0,150,0.3778339922428131,0,0
938,THUMBS_DOWN,-257.40131050739444,0.0,150,0.25854015350341797,0,0
939,OPEN_STOP,-100.26967794317285,0.0,150,0.11177698522806168,0,0
940,OPEN_STOP,-87.05287748570555,0.0,150,0.0,0,0
941,THUMBS_UP,-137.76500234144743,0.0,150,0.0,0,0
942,THUMBS_UP,-148.94715305557816,0.0,150,0.0,0,0
943,OPEN_STOP,-103.13893104475919,0.0,150,0.09442057460546494,0,0
944,THUMBS_UP,-150.07809563548443,0.0,150,0.0,0,0
945,THUMBS_DOWN,-275.8149096543716,0.0,150,0.4379647970199585,0,0
946,THUMBS_UP,-139.1948996292356,0.0,150,0.0,0,0
947,OPEN_STOP,-65.01257555354387,1.0,117,0.01377448346465826,0,0
948,THUMBS_DOWN,-264.7852476756531,0.0,150,0.44882383942604065,0,0
949,THUMBS_DOWN,-293.8634949435667,0.0,150,0.47276070713996887,0,0
950,THUMBS_UP,-143.72487596620343,0.0,150,0.0,0,0
951,THUMBS_UP,-145.3825556306449,0.0,150,0.0,0,0
952,OPEN_STOP,-104.49877685408164,0.0,150,0.0,0,0
953,THUMBS_UP,-132.0149095965945,0.0,150,0.0,0,0
954,THUMBS_DOWN,-261.662484512264,0.0,150,0.2878262996673584,0,0
955,THUMBS_UP,-141.91127251134336,0.0,150,0.0,0,0
956,THUMBS_DOWN,-294.4725918914005,0.0,150,0.41612759232521057,0,0
957,OPEN_STOP,-31.18691846278496,1.0,44,0.020839761942625046,0,0
958,THUMBS_UP,-146.2766475061024,0.0,150,0.0,0,0
959,OPEN_STOP,-42.613422954315304,1.0,66,0.0,0,0
960,THUMBS_UP,-153.90151830047836,0.0,150,0.0,0,0
961,OPEN_STOP,-92.3538886393514,0.0,150,0.050873689353466034,0,0
962,THUMBS_UP,-141.63401740764735,0.0,150,0.0,0,0
963,THUMBS_DOWN,-288.8594654138388,0.0,150,0.4583682119846344,0,0
964,THUMBS_DOWN,-270.6800959889312,0.0,150,0.4820305407047272,0,0
965,THUMBS_UP,-147.07038368479354,0.0,150,0.0,0,0
966,THUMBS_UP,-159.8814742486366,0.0,150,0.0,0,0
967,THUMBS_UP,-139.29731872610745,0.0,150,0.0,0,0
968,THUMBS_UP,-133.4937506495602,0.0,150,0.0,0,0
969,THUMBS_DOWN,-272.69232203809537,0.0,150,0.3993566930294037,0,0
970,THUMBS_UP,-139.32747164523224,0.0,150,0.0,0,0
971,OPEN_STOP,-38.342458746761544,1.0,91,0.0,0,0
972,THUMBS_UP,-162.8126973397005,0.0,150,0.0,0,0
973,THUMBS_UP,-147.8481449195789,0.0,150,0.0,0,0
974,OPEN_STOP,-29.292370941145336,1.0,59,0.0,0,0
975,THUMBS_UP,-133.891720564618,0.0,150,0.0,0,0
976,THUMBS_UP,-138.8038595960057,0.0,150,0.0,0,0
977,THUMBS_DOWN,-331.03560267537824,0.0,150,0.5208479166030884,0,0
978,THUMBS_UP,-126.52120108248663,0.0,150,0.0,0,0
979,OPEN_STOP,-103.49434285261438,0.0,150,0.017330467700958252,0,0
980,OPEN_STOP,-47.82055287732509,1.0,88,0.014971256256103516,0,0
981,OPEN_STOP,-96.14423142220353,0.0,150,0.0,0,0
982,OPEN_STOP,-39.97890823000578,1.0,63,0.0,0,0
983,THUMBS_DOWN,-331.2034483993613,0.0,150,0.6571571230888367,0,0
984,THUMBS_UP,-130.52480684060612,0.0,150,0.0,0,0
985,THUMBS_UP,-143.72773322168732,0.0,150,0.0,0,0
986,THUMBS_DOWN,-380.40645382076497,0.0,150,0.8638496994972229,0,0
987,OPEN_STOP,-110.2348074598989,0.0,150,0.0,0,0
988,THUMBS_DOWN,-346.3899583314545,0.0,150,0.6039824485778809,0,0
989,THUMBS_UP,-135.92417455148893,0.0,150,0.0,0,0
990,THUMBS_DOWN,-328.26538882981976,0.0,150,0.6496878862380981,0,0
991,THUMBS_DOWN,-328.96428486071534,0.0,150,0.509181559085846,0,0
992,THUMBS_DOWN,-340.102189841168,0.0,150,0.5157012939453125,0,0
993,OPEN_STOP,-85.40996875516605,0.0,150,0.06742323935031891,0,0
994,OPEN_STOP,-94.72237221258698,0.0,150,0.03008146956562996,0,0
995,THUMBS_UP,-137.1378855285794,0.0,150,0.0,0,0
996,OPEN_STOP,-37.848163967300195,1.0,50,0.026993341743946075,0,0
997,THUMBS_DOWN,-334.6625684426492,0.0,150,0.5272142887115479,0,0
998,THUMBS_UP,-131.5421106929472,0.0,150,0.0,0,0
999,THUMBS_UP,-139.77190438330163,0.0,150,0.009797854349017143,0,0
1000,THUMBS_UP,-142.1473051264371,0.0,150,0.0,0,0
1001,THUMBS_DOWN,-342.71826570431693,0.0,150,0.6520935297012329,0,0
1002,THUMBS_DOWN,-314.29328517820437,0.0,150,0.5852560997009277,0,0
1003,OPEN_STOP,-109.72642173186634,0.0,150,0.0,0,0
1004,THUMBS_DOWN,-304.17095566573795,0.0,150,0.49894657731056213,0,0
1005,THUMBS_DOWN,-332.5328217596559,0.0,150,0.582353413105011,0,0
1006,OPEN_STOP,-29.589798080120232,1.0,44,0.027524709701538086,0,0
1007,OPEN_STOP,-126.5490610355989,0.0,150,0.043869078159332275,0,0
1008,THUMBS_DOWN,-323.2851273694682,0.0,150,0.5659508109092712,0,0
1009,THUMBS_UP,-149.66583564842824,0.0,150,0.0,0,0
1010,THUMBS_UP,-139.79137538941117,0.0,150,0.0,0,0
1011,THUMBS_UP,-128.38139684732772,0.0,150,0.0,0,0
1012,THUMBS_UP,-141.3891517861374,0.0,150,0.0,0,0
1013,THUMBS_DOWN,-305.49095956400964,0.0,150,0.6084426045417786,0,0
1014,OPEN_STOP,-31.946359401196265,1.0,49,0.0,0,0
1015,THUMBS_UP,-149.43844714565196,0.0,150,0.0,0,0
1016,OPEN_STOP,-112.09853533397775,0.0,150,0.005550801753997803,0,0
1017,THUMBS_DOWN,-322.859626963425,0.0,150,0.5818115472793579,0,0
1018,THUMBS_UP,-154.6432025280037,0.0,150,0.0,0,0
1019,THUMBS_DOWN,-354.73544239847007,0.0,150,0.6381131410598755,0,0
1020,THUMBS_DOWN,-306.93067238050514,0.0,150,0.5710843205451965,0,0
1021,THUMBS_DOWN,-342.02047221611195,0.0,150,0.4129369556903839,0,0
1022,THUMBS_DOWN,-341.6192667350732,0.0,150,0.5001938343048096,0,0
1023,OPEN_STOP,-61.71385091736917,1.0,117,0.0,0,0
1024,THUMBS_DOWN,-311.65221208883474,0.0,150,0.5154266953468323,0,0
1025,OPEN_STOP,-104.0037945845444,0.0,150,0.04503120854496956,0,0
1026,OPEN_STOP,-50.917643869152506,1.0,79,0.04812555015087128,0,0
1027,THUMBS_UP,-152.27005158715886,0.0,150,0.0,0,0
1028,THUMBS_UP,-142.10287022284228,0.0,150,0.0,0,0
1029,OPEN_STOP,-86.13283268931491,0.0,150,0.07385429739952087,0,0
1030,THUMBS_UP,-132.32780262388752,0.0,150,0.0,0,0
1031,THUMBS_DOWN,-314.90725567008377,0.0,150,0.4803345203399658,0,0
1032,THUMBS_UP,-142.8854220557575,0.0,150,0.0,0,0
1033,OPEN_STOP,-96.34026634334589,0.0,150,0.0,0,0
1034,THUMBS_UP,-145.50354003800075,0.0,150,0.0,0,0
1035,THUMBS_DOWN,-253.98259084778846,0.0,150,0.27723896503448486,0,0
1036,THUMBS_UP,-149.88190051249836,0.0,150,0.0,0,0
1037,THUMBS_DOWN,-254.49467422666032,0.0,150,0.42980924248695374,0,0
1038,THUMBS_UP,-141.01682500986263,0.0,150,0.0,0,0
1039,OPEN_STOP,-51.88761012243103,1.0,89,0.0,0,0
1040,THUMBS_UP,-140.41580194805871,0.0,150,0.0,0,0
1041,OPEN_STOP,-91.67681762369814,0.0,150,0.0022728953044861555,0,0
1042,THUMBS_UP,-151.97178166458392,0.0,150,0.0,0,0
1043,OPEN_STOP,-49.93070839535447,1.0,88,0.004756227135658264,0,0
1044,THUMBS_DOWN,-280.99742405715403,0.0,150,0.48498979210853577,0,0
1045,OPEN_STOP,-51.07260855066129,1.0,130,0.0,0,0
1046,OPEN_STOP,-54.843057157117855,1.0,88,0.030364500358700752,0,0
1047,THUMBS_UP,-146.68226366393733,0.0,150,0.0,0,0
1048,THUMBS_DOWN,-257.97677063401795,0.0,150,0.29925018548965454,0,0
1049,THUMBS_UP,-142.88474705202518,0.0,150,0.0,0,0
1050,THUMBS_DOWN,-241.9027528899303,0.0,150,0.39078524708747864,0,0
1051,THUMBS_UP,-133.41266397251977,0.0,150,0.0,0,0
1052,THUMBS_DOWN,-272.8648051805701,0.0,150,0.37488868832588196,0,0
1053,THUMBS_DOWN,-297.5188689739443,0.0,150,0.48982301354408264,0,0
1054,OPEN_STOP,-35.719973396212964,1.0,100,0.03330325707793236,0,0
1055,THUMBS_DOWN,-267.88714181590825,0.0,150,0.5350514054298401,0,0
1056,THUMBS_DOWN,-302.3261759485866,0.0,150,0.4431610703468323,0,0
1057,THUMBS_DOWN,-317.4006632656977,0.0,150,0.39448311924934387,0,0
1058,THUMBS_DOWN,-243.9827415877767,0.0,150,0.3822278678417206,0,0
1059,THUMBS_UP,-131.47638240007086,0.0,150,0.0,0,0
1060,THUMBS_UP,-145.38434112322292,0.0,150,0.0,0,0
1061,OPEN_STOP,-39.7721999718994,1.0,54,0.0,0,0
1062,THUMBS_UP,-125.9617454758473,0.0,150,0.0,0,0
1063,THUMBS_DOWN,-263.1740584622604,0.0,150,0.4897502064704895,0,0
1064,OPEN_STOP,-83.31078069493176,0.0,150,0.014458391815423965,0,0
1065,OPEN_STOP,-33.207659553606064,1.0,67,0.026349186897277832,0,0
1066,THUMBS_DOWN,-226.73768637767054,0.0,150,0.18378253281116486,0,0
1067,THUMBS_UP,-137.3037051847809,0.0,150,0.0,0,0
1068,THUMBS_UP,-135.0790573449526,0.0,150,0.0,0,0
1069,THUMBS_DOWN,-240.59209026705483,0.0,150,0.20492741465568542,0,0
1070,OPEN_STOP,-37.84895102226874,1.0,80,0.0,0,0
1071,THUMBS_DOWN,-266.369316016119,0.0,150,0.33000731468200684,0,0
1072,THUMBS_DOWN,-265.56599037839914,0.0,150,0.2954767942428589,0,0
1073,THUMBS_UP,-147.40768884287567,0.0,150,0.0,0,0
1074,OPEN_STOP,-35.48144469772932,1.0,68,0.013024449348449707,0,0
1075,OPEN_STOP,-112.67053084509325,0.0,150,0.04297506809234619,0,0
1076,THUMBS_DOWN,-294.341711441353,0.0,150,0.4887162446975708,0,0
1077,THUMBS_DOWN,-249.03306021387687,0.0,150,0.34829625487327576,0,0
1078,THUMBS_UP,-127.7435924085602,0.0,150,0.0,0,0
1079,THUMBS_UP,-136.8861780736315,0.0,150,0.0,0,0
1080,OPEN_STOP,-97.98093282698652,0.0,150,0.15174756944179535,0,0
1081,THUMBS_DOWN,-187.9506583122176,0.0,150,0.1400424987077713,0,0
1082,THUMBS_UP,-130.16835529439157,0.0,150,0.0,0,0
1083,THUMBS_UP,-136.70742645119205,0.0,150,0.0,0,0
1084,OPEN_STOP,-106.35590287863394,0.0,150,0.04404735937714577,0,0
1085,THUMBS_DOWN,-226.73693908629005,0.0,150,0.20017878711223602,0,0
1086,OPEN_STOP,-77.66415354551283,0.0,150,0.0,0,0
1087,THUMBS_DOWN,-245.39878780196415,0.0,150,0.2704553008079529,0,0
1088,THUMBS_UP,-127.72497374640425,0.0,150,0.0,0,0
1089,OPEN_STOP,-89.28079186768534,0.0,150,0.010419964790344238,0,0
1090,THUMBS_DOWN,-204.64320798087405,0.0,150,0.1014176681637764,0,0
1091,OPEN_STOP,-29.708993813944968,1.0,82,0.0058141350746154785,0,0
1092,THUMBS_UP,-125.68011033758984,0.0,150,0.0,0,0
1093,OPEN_STOP,-33.73273385578766,1.0,44,0.0,0,0
1094,OPEN_STOP,-34.41773369388653,1.0,43,0.0,0,0
1095,THUMBS_UP,-133.33756774203383,0.0,150,0.0,0,0
1096,THUMBS_UP,-123.48879329228073,0.0,150,0.0,0,0
1097,THUMBS_DOWN,-176.96750930639914,0.0,150,0.09629570692777634,0,0
1098,THUMBS_DOWN,-200.33559540687736,0.0,150,0.1488630175590515,0,0
1099,THUMBS_UP,-126.54651274302738,0.0,150,0.0,0,0
1100,THUMBS_UP,-141.163855599754,0.0,150,0.0,0,0
1101,THUMBS_DOWN,-195.71127615580914,0.0,150,0.12437408417463303,0,0
1102,THUMBS_DOWN,-189.57926675197837,0.0,150,0.08243712037801743,0,0
1103,OPEN_STOP,-65.69156861909201,1.0,146,0.04131317138671875,0,0
1104,THUMBS_DOWN,-170.17181390857314,0.0,150,0.007263993378728628,0,0
1105,OPEN_STOP,-96.80655900606413,0.0,150,0.0381477028131485,0,0
1106,OPEN_STOP,-55.32757191443811,1.0,127,0.0,0,0
1107,THUMBS_UP,-129.74891027537174,0.0,150,0.0,0,0
1108,OPEN_STOP,-34.48128548089415,1.0,49,0.0070917606353759766,0,0
1109,OPEN_STOP,-29.420282720997935,1.0,45,0.0,0,0
1110,THUMBS_UP,-130.13103017371304,0.0,150,0.0,0,0
1111,OPEN_STOP,-33.68850772077221,1.0,77,0.01487067248672247,0,0
1112,THUMBS_DOWN,-152.19660927778114,0.0,150,0.017756164073944092,0,0
1113,THUMBS_DOWN,-155.31541098895485,0.0,150,0.032240211963653564,0,0
1114,OPEN_STOP,-36.614149685073656,1.0,44,0.04511651769280434,0,0
1115,THUMBS_DOWN,-169.63515620303343,0.0,150,0.03316837549209595,0,0
1116,THUMBS_DOWN,-171.0346525988821,0.0,150,0.05845236778259277,0,0
1117,OPEN_STOP,-51.17968995039351,1.0,94,0.0075267525389790535,0,0
1118,THUMBS_DOWN,-162.14913206466235,0.0,150,0.0,0,0
1119,THUMBS_UP,-115.56208664426465,0.0,150,0.0,0,0
1120,THUMBS_DOWN,-157.67088389078742,0.0,150,0.0,0,0
1121,OPEN_STOP,-23.045364637027955,1.0,87,0.007448780816048384,0,0
1122,THUMBS_UP,-92.89707851978716,1.0,136,0.0,0,0
1123,THUMBS_DOWN,-189.59154869949035,0.0,150,0.06650317460298538,0,0
1124,OPEN_STOP,-25.738091784212738,1.0,39,0.00909916777163744,0,0
1125,OPEN_STOP,-28.054912064298996,1.0,40,0.0023254752159118652,0,0
1126,THUMBS_DOWN,-164.6421512988581,0.0,150,0.003279825672507286,0,0
1127,OPEN_STOP,-25.672184477876883,1.0,40,0.008239456452429295,0,0
1128,THUMBS_UP,-123.10320352369457,0.0,150,0.0,0,0
1129,THUMBS_DOWN,-134.2656948877936,0.0,150,0.0052811503410339355,0,0
1130,THUMBS_DOWN,-132.01854190882298,0.0,150,0.0,0,0
1131,OPEN_STOP,-25.478315699640667,1.0,35,0.01846318691968918,0,0
1132,OPEN_STOP,-28.651706066485502,1.0,72,0.01319032907485962,0,0
1133,OPEN_STOP,-26.787529749907563,1.0,37,0.02540576457977295,0,0
1134,THUMBS_DOWN,-131.86394843905927,0.0,150,0.021493583917617798,0,0
1135,THUMBS_DOWN,-137.41967179864182,0.0,150,0.005390200763940811,0,0
1136,THUMBS_UP,-124.12678945931026,0.0,150,0.0,0,0
1137,THUMBS_DOWN,-151.7106854334649,0.0,150,0.04355480521917343,0,0
1138,THUMBS_DOWN,-120.72035107289906,0.0,150,0.016031060367822647,0,0
1139,THUMBS_DOWN,-134.59664182784965,0.0,150,0.02493126131594181,0,0
1140,THUMBS_UP,-120.90978624698015,0.0,150,0.0,0,0
1141,THUMBS_UP,-117.31807222082398,0.0,150,0.0,0,0
1142,THUMBS_DOWN,-130.14565519645802,0.0,150,0.018539845943450928,0,0
1143,THUMBS_DOWN,-143.5739057551605,0.0,150,0.05108937621116638,0,0
1144,OPEN_STOP,-95.515979078128,0.0,150,0.0,0,0
1145,THUMBS_DOWN,-127.03348855444104,0.0,150,0.0,0,0
1146,OPEN_STOP,-94.42937134569043,0.0,150,0.0,0,0
1147,OPEN_STOP,-127.39409562746992,0.0,150,0.028117258101701736,0,0
1148,THUMBS_DOWN,-124.5392204386508,0.0,150,0.0,0,0
1149,THUMBS_UP,-117.33786808097744,0.0,150,0.0,0,0
1150,THUMBS_DOWN,-128.094936231915,0.0,150,0.0,0,0
1151,OPEN_STOP,-91.92770441679401,0.0,150,0.07504698634147644,0,0
1152,OPEN_STOP,-30.175682451371102,1.0,53,0.04836815595626831,0,0
1153,THUMBS_UP,-117.05333131043008,0.0,150,0.0,0,0
1154,OPEN_STOP,-29.12520051598547,1.0,41,0.058776527643203735,0,0
1155,THUMBS_UP,-119.3097557171713,0.0,150,0.0,0,0
1156,THUMBS_UP,-123.53497620538444,0.0,150,0.0,0,0
1157,OPEN_STOP,-135.7121120635094,0.0,150,0.0,0,0
1158,OPEN_STOP,-102.90052424281376,0.0,150,0.02426992543041706,0,0
1159,THUMBS_DOWN,-122.14543151156515,0.0,150,0.008114635944366455,0,0
1160,OPEN_STOP,-80.57635837265296,0.0,150,0.0,0,0
1161,THUMBS_UP,-113.30152487685088,0.0,150,0.0,0,0
1162,OPEN_STOP,-22.689726933147753,1.0,48,0.03585362806916237,0,0
1163,THUMBS_DOWN,-121.95226413021246,0.0,150,0.016947615891695023,0,0
1164,THUMBS_UP,-120.47820354201707,0.0,150,0.0,0,0
1165,THUMBS_DOWN,-136.23846413289203,0.0,150,0.020911313593387604,0,0
1166,THUMBS_DOWN,-127.52073396332571,0.0,150,0.015982134267687798,0,0
1167,OPEN_STOP,-27.624218432866034,1.0,37,0.007630050182342529,0,0
1168,OPEN_STOP,-26.78474443616348,1.0,40,0.0,0,0
1169,THUMBS_UP,-65.28551542665343,1.0,95,0.0,0,0
1170,OPEN_STOP,-93.69242692762639,0.0,150,0.01820238120853901,0,0
1171,THUMBS_DOWN,-134.22814252095293,0.0,150,0.0,0,0
1172,THUMBS_UP,-98.71714441380693,0.0,150,0.0,0,0
1173,OPEN_STOP,-27.92974524677731,1.0,68,0.0,0,0
1174,OPEN_STOP,-91.63921950399876,0.0,150,0.0,0,0
1175,OPEN_STOP,-26.487968145404007,1.0,42,0.0,0,0
1176,OPEN_STOP,-72.5227827750798,0.0,150,0.018589377403259277,0,0
1177,THUMBS_DOWN,-121.72503963738158,0.0,150,0.0002729901752900332,0,0
1178,OPEN_STOP,-27.904021712993277,1.0,46,0.0018044114112854004,0,0
1179,THUMBS_UP,-111.76762830802234,0.0,150,0.0,0,0
1180,THUMBS_DOWN,-134.18293779020198,0.0,150,0.0,0,0
1181,THUMBS_DOWN,-123.40627151050603,0.0,150,0.0,0,0
1182,THUMBS_DOWN,-117.72001760792047,0.0,150,0.0,0,0
1183,THUMBS_UP,-111.71202163158799,0.0,150,0.0,0,0
1184,THUMBS_UP,-95.06595508880454,1.0,146,0.0,0,0
1185,THUMBS_DOWN,-116.92575216077734,0.0,150,0.0,0,0
1186,THUMBS_UP,-87.77514735486096,1.0,139,0.0,0,0
1187,OPEN_STOP,-26.978600200975777,1.0,54,0.010884761810302734,0,0
1188,OPEN_STOP,-20.87900078636129,1.0,33,0.0025213088374584913,0,0
1189,THUMBS_DOWN,-111.63113890883284,0.0,150,0.00966954231262207,0,0
1190,OPEN_STOP,-18.498066146895294,1.0,31,0.0,0,0
1191,THUMBS_UP,-91.90771118440111,1.0,147,0.0,0,0
1192,OPEN_STOP,-23.36425730234887,1.0,103,0.0530853271484375,0,0
1193,THUMBS_UP,-128.05018209069388,0.0,150,0.0,0,0
1194,THUMBS_DOWN,-115.07300033024462,0.0,150,0.0,0,0
1195,OPEN_STOP,-32.32093280438333,1.0,75,0.0,0,0
1196,OPEN_STOP,-19.522115648398188,1.0,58,0.01781545951962471,0,0
1197,THUMBS_DOWN,-111.73168759789316,0.0,150,0.0,0,0
1198,THUMBS_UP,-109.66456872821675,0.0,150,0.0,0,0
1199,THUMBS_DOWN,-110.2546879786067,0.0,150,0.0009195208549499512,0,0
1200,THUMBS_DOWN,-118.31659216272351,0.0,150,0.0,0,0
1201,THUMBS_UP,-122.51322473737295,0.0,150,0.0,0,0
1202,OPEN_STOP,-35.90435318668371,1.0,79,0.03353869169950485,0,0
1203,THUMBS_UP,-105.72348373626002,0.0,150,0.0,0,0
1204,OPEN_STOP,-18.62418248483911,1.0,31,0.030002176761627197,0,0
1205,OPEN_STOP,-33.03771308747121,1.0,69,0.005321204662322998,0,0
1206,THUMBS_DOWN,-121.21436219024004,0.0,150,0.0,0,0
1207,THUMBS_DOWN,-120.10970256076602,0.0,150,0.0,0,0
1208,OPEN_STOP,-20.207515709054416,1.0,44,0.0,0,0
1209,THUMBS_DOWN,-120.96397575120497,0.0,150,0.0,0,0
1210,THUMBS_UP,-113.05213777842062,0.0,150,0.0,0,0
1211,OPEN_STOP,-29.178237919663083,1.0,60,0.0,0,0
1212,THUMBS_DOWN,-110.63916055834726,0.0,150,0.004559040069580078,0,0
1213,OPEN_STOP,-98.72842495601158,0.0,150,0.0054315924644470215,0,0
1214,THUMBS_UP,-115.29360313630106,0.0,150,0.0,0,0
1215,THUMBS_UP,-64.66268279202284,1.0,85,0.0,0,0
1216,OPEN_STOP,-30.484841834930698,1.0,52,0.013478457927703857,0,0
1217,THUMBS_DOWN,-111.82376307764557,0.0,150,0.0,0,0
1218,THUMBS_UP,-100.3149544015742,0.0,150,0.0,0,0
1219,THUMBS_DOWN,-108.20988712854216,0.0,150,0.0,0,0
1220,OPEN_STOP,-95.17956389947093,0.0,150,0.0,0,0
1221,THUMBS_DOWN,-122.86261901643128,0.0,150,0.019107559695839882,0,0
1222,THUMBS_UP,-102.02397620081895,0.0,150,0.0,0,0
1223,THUMBS_UP,-61.61598509551958,1.0,85,0.0,0,0
1224,THUMBS_DOWN,-117.18250192190519,0.0,150,0.007045806385576725,0,0
1225,OPEN_STOP,-90.63650802413468,0.0,150,0.0,0,0
1226,OPEN_STOP,-29.256243420392266,1.0,48,0.0,0,0
1227,THUMBS_UP,-108.31961942966913,0.0,150,0.0,0,0
1228,THUMBS_DOWN,-115.59044550702504,0.0,150,0.0,0,0
1229,THUMBS_DOWN,-123.98153478207125,0.0,150,0.0,0,0
1230,OPEN_STOP,-35.042301423233006,1.0,41,0.0,0,0
1231,THUMBS_DOWN,-106.96018115288116,0.0,150,0.0,0,0
1232,THUMBS_UP,-118.06042421011719,0.0,150,0.0,0,0
1233,OPEN_STOP,-98.31282767816442,0.0,150,0.0,0,0
1234,THUMBS_DOWN,-74.88207788042725,1.0,126,0.0,0,0
1235,THUMBS_UP,-118.55143890310781,0.0,150,0.0,0,0
1236,THUMBS_DOWN,-110.3982477711653,0.0,150,0.017116129398345947,0,0
1237,THUMBS_UP,-110.73806550874022,0.0,150,0.0,0,0
1238,THUMBS_UP,-110.96526912928559,0.0,150,0.0,0,0
1239,THUMBS_DOWN,-116.21703187490986,0.0,150,0.0,0,0
1240,OPEN_STOP,-90.26229478411608,0.0,150,0.0,0,0
1241,THUMBS_DOWN,-112.87102651439598,0.0,150,0.0,0,0
1242,THUMBS_UP,-55.20354853048924,1.0,79,0.0,0,0
1243,OPEN_STOP,-24.181452633328718,1.0,35,0.0,0,0
1244,THUMBS_DOWN,-98.71998306834486,0.0,150,0.0,0,0
1245,THUMBS_UP,-125.75313973956811,0.0,150,0.0,0,0
1246,THUMBS_DOWN,-79.07888640305842,1.0,135,0.0,0,0
1247,OPEN_STOP,-38.931877111167424,1.0,80,0.003061532974243164,0,0
1248,THUMBS_DOWN,-87.00480628098127,1.0,128,0.0,0,0
1249,THUMBS_DOWN,-111.273902401863,0.0,150,0.0,0,0
1250,OPEN_STOP,-46.80827824092007,1.0,115,0.0,0,0
1251,THUMBS_DOWN,-76.01482410876078,1.0,133,0.0025112032890319824,0,0
1252,THUMBS_UP,-114.54636368812062,0.0,150,0.0,0,0
1253,OPEN_STOP,-80.71357129762183,0.0,150,0.011789063923060894,0,0
1254,THUMBS_DOWN,-111.77643359574495,0.0,150,0.016568243503570557,0,0
1255,OPEN_STOP,-77.22670132701282,0.0,150,0.0,0,0
1256,OPEN_STOP,-93.5873343879636,0.0,150,0.0,0,0
1257,OPEN_STOP,-72.36918148246593,0.0,150,0.0,0,0
1258,THUMBS_DOWN,-100.40189797210498,0.0,150,0.0,0,0
1259,THUMBS_UP,-71.47696378963532,1.0,97,0.0,0,0
1260,OPEN_STOP,-26.16320426468271,1.0,35,0.0,0,0
1261,THUMBS_UP,-57.12336530670524,1.0,73,0.0,0,0
1262,THUMBS_DOWN,-102.84176587981744,0.0,150,0.0,0,0
1263,THUMBS_UP,-60.625072787925625,1.0,78,0.0,0,0
1264,THUMBS_UP,-54.400377490120015,1.0,73,0.0,0,0
1265,THUMBS_DOWN,-114.10610621939416,0.0,150,0.0,0,0
1266,OPEN_STOP,-22.912659149006938,1.0,44,0.0,0,0
1267,THUMBS_DOWN,-83.38882748881356,1.0,135,0.0,0,0
1268,THUMBS_UP,-57.2357729895157,1.0,83,0.0,0,0
1269,THUMBS_DOWN,-117.69877819895075,0.0,150,0.0,0,0
1270,THUMBS_UP,-55.220889073982846,1.0,71,0.0,0,0
1271,THUMBS_UP,-59.87596756011248,1.0,83,0.0,0,0
1272,THUMBS_DOWN,-93.33174254626043,1.0,130,0.013130263425409794,0,0
1273,THUMBS_DOWN,-111.71842339232157,0.0,150,0.0,0,0
1274,OPEN_STOP,-24.344632965147035,1.0,36,0.0,0,0
1275,THUMBS_DOWN,-106.9504207505845,0.0,150,0.0,0,0
1276,OPEN_STOP,-29.84053021960891,1.0,46,0.028355557471513748,0,0
1277,THUMBS_UP,-101.93249149856855,0.0,150,0.0,0,0
1278,OPEN_STOP,-33.17644886640832,1.0,66,0.012286603450775146,0,0
1279,THUMBS_DOWN,-73.02197356815803,1.0,120,0.0,0,0
1280,OPEN_STOP,-66.80416117221117,0.0,150,0.0,0,0
1281,THUMBS_UP,-62.96558885648838,1.0,83,0.0,0,0
1282,THUMBS_DOWN,-81.73845416983156,1.0,137,0.0,0,0
1283,THUMBS_DOWN,-63.021348315123454,1.0,99,0.0,0,0
1284,OPEN_STOP,-24.142703179549425,1.0,35,0.0,0,0
1285,THUMBS_DOWN,-75.95484481055868,1.0,128,0.0,0,0
1286,THUMBS_DOWN,-75.99074555603525,1.0,122,0.0,0,0
1287,THUMBS_DOWN,-67.16389187157156,1.0,94,0.0,0,0
1288,THUMBS_DOWN,-73.5257221358619,1.0,124,0.0,0,0
1289,OPEN_STOP,-21.075092802830035,1.0,33,0.0,0,0
1290,THUMBS_DOWN,-57.6473286777083,1.0,82,0.0,0,0
1291,THUMBS_DOWN,-73.2578758288245,1.0,116,0.0,0,0
1292,THUMBS_DOWN,-65.17465749767601,1.0,91,0.0,0,0
1293,OPEN_STOP,-20.543761448599405,1.0,32,0.0008803606033325195,0,0
1294,THUMBS_UP,-104.30805570627014,0.0,150,0.0,0,0
1295,OPEN_STOP,-79.07756132662759,0.0,150,0.034325405955314636,0,0
1296,OPEN_STOP,-23.469672078833113,1.0,36,0.012635409832000732,0,0
1297,THUMBS_UP,-103.76117483383287,0.0,150,0.0,0,0
1298,THUMBS_UP,-53.97038214530795,1.0,88,0.0,0,0
1299,OPEN_STOP,-20.740526511054505,1.0,34,0.0,0,0
1300,OPEN_STOP,-34.67496294450016,1.0,96,0.0,0,0
1301,THUMBS_DOWN,-63.64527733566247,1.0,108,0.0,0,0
1302,THUMBS_DOWN,-102.30311141415037,0.0,150,0.0,0,0
1303,THUMBS_UP,-65.98288205819208,1.0,88,0.0,0,0
1304,THUMBS_UP,-49.79295249694956,1.0,70,0.0,0,0
1305,THUMBS_DOWN,-80.53594347690931,1.0,120,0.021617913618683815,0,0
1306,THUMBS_DOWN,-93.95671831504441,0.0,150,0.004361212253570557,0,0
1307,THUMBS_UP,-101.83121487838334,0.0,150,0.0,0,0
1308,THUMBS_DOWN,-74.79844053684732,1.0,121,0.0,0,0
1309,THUMBS_DOWN,-62.308040992445925,1.0,91,0.0,0,0
1310,OPEN_STOP,-16.913883159775295,1.0,47,0.0,0,0
1311,THUMBS_DOWN,-65.04456665933131,1.0,97,0.0,0,0
1312,THUMBS_DOWN,-97.57995150817563,0.0,150,0.01118391752243042,0,0
1313,THUMBS_DOWN,-67.22065565533934,1.0,102,0.0,0,0
1314,THUMBS_DOWN,-104.63672173878346,0.0,150,0.0,0,0
1315,THUMBS_UP,-59.74202371301229,1.0,88,0.0,0,0
1316,OPEN_STOP,-52.24809096323791,0.0,150,0.0,0,0
1317,OPEN_STOP,-26.86813118305524,1.0,38,0.0,0,0
1318,THUMBS_UP,-59.057470905482724,1.0,72,0.0,0,0
1319,OPEN_STOP,-29.01947764102136,1.0,50,0.01947307586669922,0,0
1320,THUMBS_DOWN,-102.63896938410586,0.0,150,0.0,0,0
1321,OPEN_STOP,-26.471226397994926,1.0,38,0.0,0,0
1322,THUMBS_DOWN,-66.94144246353302,1.0,111,0.0,0,0
1323,THUMBS_DOWN,-81.41267117880057,1.0,143,0.0,0,0
1324,OPEN_STOP,-29.241283181253827,1.0,38,0.0,0,0
1325,OPEN_STOP,-27.449272829964784,1.0,39,0.0,0,0
1326,THUMBS_UP,-106.49808917907066,0.0,150,0.0,0,0
1327,THUMBS_UP,-107.30675292822535,0.0,150,0.0,0,0
1328,OPEN_STOP,-75.5403245359089,0.0,150,0.0003840327262878418,0,0
1329,OPEN_STOP,-25.84887544366532,1.0,39,0.0,0,0
1330,THUMBS_DOWN,-63.00306716685183,1.0,88,0.0,0,0
1331,THUMBS_DOWN,-66.0664750539139,1.0,97,0.0,0,0
1332,OPEN_STOP,-19.80921863416006,1.0,34,0.007834136486053467,0,0
1333,OPEN_STOP,-31.661216122554606,1.0,52,0.0,0,0
1334,THUMBS_UP,-55.25267045643181,1.0,76,0.0,0,0
1335,THUMBS_UP,-61.532262546941624,1.0,88,0.0,0,0
1336,THUMBS_DOWN,-98.60744243148254,0.0,150,0.0,0,0
1337,THUMBS_DOWN,-107.92137837004964,0.0,150,0.0,0,0
1338,THUMBS_DOWN,-60.73601725503799,1.0,87,0.0,0,0
1339,THUMBS_UP,-98.90721547108144,0.0,150,0.0,0,0
1340,THUMBS_UP,-115.68146371082403,0.0,150,0.0,0,0
1341,OPEN_STOP,-27.043300050031377,1.0,49,0.0,0,0
1342,THUMBS_DOWN,-103.19252709384536,0.0,150,0.0,0,0
1343,THUMBS_DOWN,-99.76930909634108,0.0,150,0.0,0,0
1344,THUMBS_DOWN,-91.69928994522661,0.0,150,0.0,0,0
1345,THUMBS_DOWN,-92.32738927314202,0.0,150,0.0,0,0
1346,THUMBS_DOWN,-59.40161306909287,1.0,80,0.0,0,0
1347,OPEN_STOP,-54.60515505651014,0.0,150,0.0,0,0
1348,OPEN_STOP,-28.54433926658707,1.0,40,0.0,0,0
1349,THUMBS_DOWN,-68.31972241050569,1.0,113,0.0,0,0
1350,THUMBS_UP,-53.97786864447643,1.0,78,0.0,0,0
1351,OPEN_STOP,-21.81551003098486,1.0,34,0.0,0,0
1352,THUMBS_UP,-58.41814311323687,1.0,84,0.0,0,0
1353,THUMBS_UP,-60.29619122903796,1.0,80,0.0,0,0
1354,THUMBS_UP,-48.81941424082967,1.0,68,0.0,0,0
1355,THUMBS_DOWN,-108.32424985844294,0.0,150,0.0,0,0
1356,THUMBS_DOWN,-72.05968298960477,1.0,105,0.0,0,0
1357,OPEN_STOP,-30.38323866462914,1.0,58,0.0,0,0
1358,THUMBS_UP,-54.08208209503903,1.0,75,0.0,0,0
1359,OPEN_STOP,-25.430196080654845,1.0,37,0.0,0,0
1360,THUMBS_DOWN,-59.585421194434176,1.0,79,0.0,0,0
1361,OPEN_STOP,-23.858824291480694,1.0,36,0.011304676532745361,0,0
1362,OPEN_STOP,-25.222122914129887,1.0,37,0.032349348068237305,0,0
1363,THUMBS_UP,-47.53063424710186,1.0,62,0.0,0,0
1364,THUMBS_UP,-54.082605118900545,1.0,75,0.0,0,0
1365,OPEN_STOP,-24.587079715486613,1.0,46,0.0352824330329895,0,0
1366,OPEN_STOP,-71.98623444076391,0.0,150,0.0,0,0
1367,THUMBS_DOWN,-57.37529920056461,1.0,85,0.0,0,0
1368,OPEN_STOP,-19.324998034555463,1.0,31,0.0,0,0
1369,THUMBS_UP,-54.58043829556553,1.0,76,0.0,0,0
1370,THUMBS_UP,-51.5863530625403,1.0,70,0.0,0,0
1371,THUMBS_DOWN,-101.94769592091679,0.0,150,0.0,0,0
1372,THUMBS_DOWN,-72.39668509406496,1.0,109,0.0,0,0
1373,THUMBS_DOWN,-52.33243786226028,1.0,77,0.0,0,0
1374,OPEN_STOP,-18.46036204064264,1.0,33,0.0,0,0
1375,OPEN_STOP,-22.784098003227253,1.0,33,0.0,0,0
1376,THUMBS_DOWN,-100.86632915508466,0.0,150,0.0,0,0
1377,OPEN_STOP,-18.230545676257456,1.0,31,0.02168339490890503,0,0
1378,OPEN_STOP,-16.55225929643494,1.0,44,0.03528410196304321,0,0
1379,THUMBS_UP,-93.86256631994627,0.0,150,0.0,0,0
1380,THUMBS_UP,-57.426932132020596,1.0,80,0.0,0,0
1381,THUMBS_UP,-63.85917956691237,1.0,96,0.0,0,0
1382,THUMBS_DOWN,-61.29664286925457,1.0,89,0.014560423791408539,0,0
1383,THUMBS_UP,-54.52292324830776,1.0,73,0.0,0,0
1384,OPEN_STOP,-21.40656306337565,1.0,34,0.0,0,0
1385,OPEN_STOP,-28.70724936846647,1.0,76,0.009281337261199951,0,0
1386,THUMBS_UP,-54.87417903033088,1.0,70,0.0,0,0
1387,THUMBS_UP,-72.14940298724217,1.0,144,0.0,0,0
1388,THUMBS_DOWN,-59.949557108066486,1.0,84,0.0,0,0
1389,THUMBS_UP,-81.71678231021852,0.0,150,0.0,0,0
1390,OPEN_STOP,-36.59874773019927,1.0,126,0.0,0,0
1391,OPEN_STOP,-31.744899298567347,1.0,48,0.0,0,0
1392,OPEN_STOP,-28.634891133625075,1.0,55,0.029299914836883545,0,0
1393,OPEN_STOP,-20.23651702359317,1.0,43,0.0,0,0
1394,THUMBS_UP,-55.59328425351532,1.0,73,0.0,0,0
1395,THUMBS_UP,-60.20935010387797,1.0,83,0.0,0,0
1396,THUMBS_DOWN,-69.24216068514511,1.0,149,0.0,0,0
1397,THUMBS_UP,-53.78624113171947,1.0,77,0.0,0,0
1398,OPEN_STOP,-24.30874982750976,1.0,49,0.0,0,0
1399,THUMBS_UP,-53.8111640737951,1.0,72,0.0,0,0
1400,THUMBS_DOWN,-60.1323718870356,1.0,100,0.0,0,0
1401,OPEN_STOP,-35.09871754830702,1.0,55,0.0,0,0
1402,THUMBS_DOWN,-62.7774505437946,1.0,91,0.0,0,0
1403,OPEN_STOP,-36.46143928743897,1.0,76,0.0,0,0
1404,OPEN_STOP,-22.30657935917144,1.0,41,0.0,0,0
1405,THUMBS_UP,-55.08477421516551,1.0,89,0.0,0,0
1406,THUMBS_DOWN,-64.17787957351658,1.0,102,0.0,0,0
1407,THUMBS_UP,-65.69453780200332,1.0,98,0.0,0,0
1408,THUMBS_UP,-54.72397994306868,1.0,72,0.0,0,0
1409,OPEN_STOP,-18.945427673421797,1.0,31,0.0,0,0
1410,THUMBS_DOWN,-65.67506846368315,1.0,102,0.0,0,0
1411,THUMBS_DOWN,-54.95774262985216,1.0,80,0.0,0,0
1412,THUMBS_DOWN,-67.52861899816315,1.0,113,0.0,0,0
1413,THUMBS_UP,-50.416565358825025,1.0,66,0.0,0,0
1414,THUMBS_DOWN,-62.36167116647123,1.0,106,0.0,0,0
1415,OPEN_STOP,-19.033623992502697,1.0,32,0.0,0,0
1416,THUMBS_UP,-58.197226289352415,1.0,90,0.0,0,0
1417,OPEN_STOP,-21.848308122376892,1.0,36,0.0,0,0
1418,OPEN_STOP,-21.16792724299011,1.0,39,0.015286420471966267,0,0
1419,OPEN_STOP,-24.50655685695819,1.0,43,0.0,0,0
1420,OPEN_STOP,-19.441201313547783,1.0,43,0.0006360411643981934,0,0
1421,THUMBS_DOWN,-57.790891081265826,1.0,86,0.0,0,0
1422,THUMBS_UP,-51.81939503159373,1.0,65,0.0,0,0
1423,THUMBS_DOWN,-64.41666867310177,1.0,102,0.0,0,0
1424,OPEN_STOP,-19.32620663706211,1.0,45,0.0,0,0
1425,THUMBS_UP,-54.688368279822164,1.0,71,0.0,0,0
1426,THUMBS_DOWN,-53.982329810503884,1.0,90,0.0,0,0
1427,THUMBS_UP,-51.49995001233647,1.0,67,0.0,0,0
1428,THUMBS_DOWN,-59.58788366981779,1.0,82,0.0,0,0
1429,THUMBS_UP,-48.7885472714901,1.0,68,0.0,0,0
1430,THUMBS_DOWN,-57.25479956563561,1.0,78,0.0,0,0
1431,THUMBS_UP,-101.63583974467363,0.0,150,0.0,0,0
1432,THUMBS_UP,-53.9691324632685,1.0,71,0.0,0,0
1433,OPEN_STOP,-22.08957162393724,1.0,48,0.0,0,0
1434,THUMBS_DOWN,-64.00779801029947,1.0,93,0.0,0,0
1435,OPEN_STOP,-18.450472324192525,1.0,46,0.0,0,0
1436,THUMBS_UP,-47.388638170063516,1.0,62,0.0,0,0
1437,OPEN_STOP,-23.572822924926875,1.0,56,0.0,0,0
1438,THUMBS_DOWN,-65.56838640997184,1.0,104,0.0,0,0
1439,OPEN_STOP,-19.95408479381354,1.0,38,0.022693634033203125,0,0
1440,THUMBS_UP,-99.16013782790395,0.0,150,0.0,0,0
1441,OPEN_STOP,-18.987049757521604,1.0,33,0.044794198125600815,0,0
1442,THUMBS_DOWN,-53.07355808326971,1.0,71,0.0,0,0
1443,OPEN_STOP,-20.834333709552887,1.0,35,0.0,0,0
1444,THUMBS_DOWN,-54.809619532525545,1.0,75,0.0,0,0
1445,THUMBS_DOWN,-56.56897907184433,1.0,76,0.0,0,0
1446,OPEN_STOP,-20.247260175328716,1.0,44,0.0006733536720275879,0,0
1447,THUMBS_DOWN,-50.27701677553357,1.0,69,0.0,0,0
1448,THUMBS_UP,-100.63722955980494,0.0,150,0.0,0,0
1449,OPEN_STOP,-19.71363365782424,1.0,32,0.04996412992477417,0,0
1450,THUMBS_UP,-48.31071885952724,1.0,65,0.0,0,0
1451,THUMBS_UP,-106.60494258160698,0.0,150,0.0,0,0
1452,THUMBS_UP,-54.47930660731623,1.0,70,0.0,0,0
1453,THUMBS_DOWN,-53.438185525927686,1.0,73,0.0,0,0
1454,THUMBS_DOWN,-50.10178029097615,1.0,74,0.0,0,0
1455,THUMBS_UP,-98.15428534053734,0.0,150,0.0,0,0
1456,THUMBS_UP,-104.02719806663438,0.0,150,0.0,0,0
1457,THUMBS_DOWN,-51.31810710416176,1.0,70,0.0,0,0
1458,THUMBS_UP,-111.78770972972735,0.0,150,0.0,0,0
1459,THUMBS_DOWN,-55.40943695668134,1.0,78,0.0,0,0
1460,THUMBS_DOWN,-57.07569294760007,1.0,84,0.0,0,0
1461,OPEN_STOP,-18.376167504033077,1.0,30,0.0,0,0
1462,THUMBS_DOWN,-55.23543040608986,1.0,79,0.0,0,0
1463,OPEN_STOP,-19.102538222605368,1.0,34,0.0,0,0
1464,THUMBS_UP,-92.68667788632682,0.0,150,0.0,0,0
1465,OPEN_STOP,-17.980491558145737,1.0,31,0.0,0,0
1466,THUMBS_DOWN,-51.63050847602077,1.0,71,0.0,0,0
1467,THUMBS_DOWN,-53.868921933118834,1.0,72,0.0,0,0
1468,OPEN_STOP,-18.724380178519063,1.0,32,0.0,0,0
1469,THUMBS_DOWN,-60.27177884209897,1.0,85,0.0,0,0
1470,THUMBS_DOWN,-51.919938937351134,1.0,73,0.0,0,0
1471,OPEN_STOP,-18.077078278565317,1.0,32,0.0,0,0
1472,THUMBS_DOWN,-49.219766174980926,1.0,67,0.0,0,0
1473,OPEN_STOP,-20.429462896846232,1.0,32,0.0010960102081298828,0,0
1474,OPEN_STOP,-17.900000791135255,1.0,37,0.0005648520309478045,0,0
1475,THUMBS_DOWN,-53.027096106365825,1.0,70,0.0,0,0
1476,THUMBS_DOWN,-54.03827855465119,1.0,78,0.0,0,0
1477,THUMBS_DOWN,-45.91198420438916,1.0,63,0.0,0,0
1478,OPEN_STOP,-20.099274144517242,1.0,34,0.0,0,0
1479,OPEN_STOP,-21.94533122979105,1.0,35,0.0,0,0
1480,THUMBS_DOWN,-49.24375600777563,1.0,67,0.0,0,0
1481,OPEN_STOP,-16.325116909816856,1.0,30,0.0,0,0
1482,OPEN_STOP,-19.65342658394949,1.0,32,0.0,0,0
1483,THUMBS_UP,-101.47368425328513,0.0,150,0.0,0,0
1484,THUMBS_UP,-98.03130081107138,0.0,150,0.0,0,0
1485,OPEN_STOP,-19.99771147527732,1.0,36,0.0,0,0
1486,OPEN_STOP,-20.112666937452744,1.0,33,0.0,0,0
1487,THUMBS_UP,-57.478288154806926,1.0,88,0.0,0,0
1488,THUMBS_UP,-101.10475061759065,0.0,150,0.0,0,0
1489,THUMBS_DOWN,-49.27167108477092,1.0,72,0.0,0,0
1490,OPEN_STOP,-20.497496048184104,1.0,35,0.0,0,0
1491,THUMBS_DOWN,-54.48970073804263,1.0,74,0.0,0,0
1492,THUMBS_UP,-102.84717464812333,0.0,150,0.0,0,0
1493,THUMBS_UP,-97.27673023384791,0.0,150,0.0,0,0
1494,OPEN_STOP,-16.07128603179938,1.0,45,0.02792990207672119,0,0
1495,THUMBS_DOWN,-51.402230712489676,1.0,74,0.0,0,0
1496,THUMBS_DOWN,-41.40867892960089,1.0,81,0.002227962017059326,0,0
1497,THUMBS_UP,-55.94650330280886,1.0,83,0.0,0,0
1498,THUMBS_DOWN,-46.57308415409179,1.0,64,0.0,0,0
1499,OPEN_STOP,-22.812365256347697,1.0,56,0.004154330585151911,0,0
1500,THUMBS_UP,-101.2183319065837,0.0,150,0.0,0,0
1501,THUMBS_DOWN,-47.3379545191599,1.0,61,0.0,0,0
1502,THUMBS_UP,-100.35445495104554,0.0,150,0.0,0,0
1503,THUMBS_UP,-93.50329121225606,0.0,150,0.0,0,0
1504,THUMBS_UP,-104.32439923784064,0.0,150,0.0,0,0
1505,OPEN_STOP,-19.863199500618496,1.0,31,0.017386674880981445,0,0
1506,THUMBS_UP,-103.5371519125719,0.0,150,0.0,0,0
1507,THUMBS_DOWN,-57.79837839344515,1.0,84,0.020659880712628365,0,0
1508,THUMBS_DOWN,-48.536388836689284,1.0,67,0.0,0,0
1509,OPEN_STOP,-19.21585595352576,1.0,32,0.0,0,0
1510,THUMBS_UP,-99.86998088269203,0.0,150,0.0,0,0
1511,THUMBS_UP,-94.3359607911645,0.0,150,0.0,0,0
1512,OPEN_STOP,-20.170689820237456,1.0,35,0.027724146842956543,0,0
1513,THUMBS_UP,-100.93197234916965,0.0,150,0.0,0,0
1514,THUMBS_DOWN,-54.45103633956987,1.0,73,0.004970289766788483,0,0
1515,THUMBS_UP,-54.988329941742144,1.0,74,0.0,0,0
1516,OPEN_STOP,-18.75666702199728,1.0,34,0.0,0,0
1517,OPEN_STOP,-22.883798547489565,1.0,34,0.0,0,0
1518,THUMBS_DOWN,-49.912761458717284,1.0,66,0.0,0,0
1519,THUMBS_DOWN,-48.36103746141305,1.0,68,0.0,0,0
1520,OPEN_STOP,-16.660183884073057,1.0,30,0.0,0,0
1521,THUMBS_DOWN,-47.90594515248205,1.0,65,0.0,0,0
1522,THUMBS_UP,-51.795786557849475,1.0,75,0.0,0,0
1523,THUMBS_UP,-50.296833151048,1.0,117,0.0,0,0
1524,THUMBS_UP,-53.60235962848411,1.0,110,0.0,0,0
1525,OPEN_STOP,-19.41776446752251,1.0,31,0.0,0,0
1526,THUMBS_UP,-45.18500472128393,1.0,61,0.0,0,0
1527,OPEN_STOP,-20.242886761184778,1.0,34,0.0,0,0
1528,THUMBS_UP,-54.921765992306206,1.0,82,0.0,0,0
1529,THUMBS_UP,-78.27090006877202,1.0,149,0.0,0,0
1530,THUMBS_UP,-56.29619765793081,1.0,86,0.0,0,0
1531,OPEN_STOP,-23.094140706025076,1.0,38,0.0,0,0
1532,THUMBS_UP,-51.86383383926939,1.0,68,0.0,0,0
1533,THUMBS_DOWN,-50.269725620932874,1.0,75,0.0,0,0
1534,THUMBS_UP,-56.53377874009317,1.0,80,0.0,0,0
1535,THUMBS_DOWN,-49.518925111144775,1.0,70,0.0,0,0
1536,OPEN_STOP,-21.151486485565542,1.0,38,0.0,0,0
1537,THUMBS_UP,-51.337822887338696,1.0,70,0.0,0,0
1538,OPEN_STOP,-17.63687325506006,1.0,31,0.0,0,0
1539,THUMBS_DOWN,-47.84653502684086,1.0,65,0.0,0,0
1540,THUMBS_DOWN,-45.88247512280941,1.0,63,0.0,0,0
1541,THUMBS_DOWN,-47.69284206077455,1.0,63,0.0,0,0
1542,THUMBS_UP,-52.15762059028493,1.0,112,0.0,0,0
1543,OPEN_STOP,-18.996209866958665,1.0,32,0.0,0,0
1544,THUMBS_DOWN,-53.50454380027021,1.0,76,0.0,0,0
1545,THUMBS_UP,-55.224915758790445,1.0,88,0.0,0,0
1546,THUMBS_UP,-50.854952135048805,1.0,70,0.0,0,0
1547,THUMBS_DOWN,-48.5951215552073,1.0,62,0.0,0,0
1548,OPEN_STOP,-21.987909555258234,1.0,33,0.0,0,0
1549,OPEN_STOP,-21.47565371932461,1.0,33,0.0,0,0
1550,THUMBS_DOWN,-44.75457617864015,1.0,60,0.0,0,0
1551,THUMBS_UP,-45.43637745706363,1.0,61,0.0,0,0
1552,THUMBS_DOWN,-47.456262754034235,1.0,61,0.0,0,0
1553,THUMBS_DOWN,-58.98334763519524,1.0,92,0.0,0,0
1554,OPEN_STOP,-19.342057457324106,1.0,32,0.0,0,0
1555,THUMBS_DOWN,-47.691330855749555,1.0,61,0.018872320652008057,0,0
1556,THUMBS_DOWN,-46.05907445102932,1.0,62,0.0,0,0
1557,THUMBS_DOWN,-49.81425404498353,1.0,68,0.0,0,0
1558,THUMBS_UP,-49.892040462694155,1.0,70,0.0,0,0
1559,OPEN_STOP,-28.471610585479088,1.0,63,0.0,0,0
1560,THUMBS_DOWN,-49.64015902133657,1.0,62,0.0,0,0
1561,OPEN_STOP,-18.92103118281812,1.0,31,0.018005048856139183,0,0
1562,OPEN_STOP,-15.193165942206983,1.0,31,3.629922866821289e-05,0,0
1563,OPEN_STOP,-19.946345100356254,1.0,35,0.0,0,0
1564,THUMBS_UP,-50.251818451886066,1.0,69,0.0,0,0
1565,OPEN_STOP,-16.518649449632505,1.0,30,0.0,0,0
1566,THUMBS_DOWN,-49.06508538476657,1.0,64,0.0,0,0
1567,OPEN_STOP,-34.2355715955142,1.0,130,0.022172272205352783,0,0
1568,THUMBS_UP,-51.86438298744848,1.0,75,0.0,0,0
1569,OPEN_STOP,-17.875839416192616,1.0,38,0.034308016300201416,0,0
1570,OPEN_STOP,-18.602629576474435,1.0,36,0.0035524964332580566,0,0
1571,OPEN_STOP,-16.219353469908242,1.0,68,0.014452685602009296,0,0
1572,OPEN_STOP,-16.119712130781267,1.0,46,0.0,0,0
1573,THUMBS_DOWN,-47.20931339297444,1.0,64,0.0,0,0
1574,OPEN_STOP,-18.257929316572856,1.0,32,0.010759418830275536,0,0
1575,THUMBS_DOWN,-43.63992341103034,1.0,59,0.0,0,0
1576,THUMBS_DOWN,-46.764299263767896,1.0,65,0.0,0,0
1577,THUMBS_DOWN,-42.06812050763516,1.0,57,0.0,0,0
1578,OPEN_STOP,-20.402678144751107,1.0,32,0.01638290099799633,0,0
1579,OPEN_STOP,-17.76445767143742,1.0,32,0.009540319442749023,0,0
1580,THUMBS_UP,-46.36682463845237,1.0,60,0.0,0,0
1581,THUMBS_DOWN,-44.15890576470644,1.0,59,0.0,0,0
1582,OPEN_STOP,-21.778062708694506,1.0,33,0.0,0,0
1583,OPEN_STOP,-18.298617207556966,1.0,33,0.04097020626068115,0,0
1584,OPEN_STOP,-20.23103543795647,1.0,35,0.0,0,0
1585,THUMBS_DOWN,-47.36152094425823,1.0,72,0.0,0,0
1586,OPEN_STOP,-34.783944456926505,1.0,99,0.0,0,0
1587,THUMBS_DOWN,-47.38507304625238,1.0,62,0.008269566111266613,0,0
1588,THUMBS_DOWN,-57.223393067754806,1.0,90,0.0,0,0
1589,OPEN_STOP,-18.55522274542833,1.0,44,0.0,0,0
1590,OPEN_STOP,-20.583554896041747,1.0,32,0.0,0,0
1591,THUMBS_DOWN,-51.1912925481866,1.0,67,0.0,0,0
1592,THUMBS_DOWN,-48.98414765696974,1.0,62,0.0,0,0
1593,OPEN_STOP,-16.532135081291194,1.0,30,0.0,0,0
1594,OPEN_STOP,-25.18630525594576,1.0,44,0.03454617038369179,0,0
1595,THUMBS_DOWN,-44.6150270670373,1.0,58,0.0,0,0
1596,THUMBS_DOWN,-44.356565530179076,1.0,59,0.0,0,0
1597,THUMBS_DOWN,-46.73176822789013,1.0,60,0.0,0,0
1598,THUMBS_UP,-47.49037217767444,1.0,64,0.0,0,0
1599,THUMBS_DOWN,-45.08584618873896,1.0,58,0.0,0,0
1600,OPEN_STOP,-16.653316723667096,1.0,30,0.0009245872497558594,0,0
1601,THUMBS_UP,-48.24410069058651,1.0,73,0.0,0,0
1602,OPEN_STOP,-16.3125742210215,1.0,45,0.0,0,0
1603,OPEN_STOP,-19.26794451246038,1.0,34,0.0,0,0
1604,THUMBS_DOWN,-63.363443634882564,1.0,102,0.0,0,0
1605,OPEN_STOP,-19.303776563359413,1.0,32,0.023405134677886963,0,0
1606,THUMBS_DOWN,-49.56865130627528,1.0,71,0.030542604625225067,0,0
1607,THUMBS_UP,-42.88281096462161,1.0,55,0.0,0,0
1608,THUMBS_DOWN,-51.49953038059174,1.0,73,0.011933617293834686,0,0
1609,THUMBS_DOWN,-44.07423351754437,1.0,58,0.0,0,0
1610,THUMBS_DOWN,-51.272839491786456,1.0,78,0.0,0,0
1611,THUMBS_UP,-48.22534510928672,1.0,63,0.0029886297415941954,0,0
1612,THUMBS_DOWN,-44.802301283516,1.0,71,0.0,0,0
1613,THUMBS_DOWN,-46.361768695591,1.0,63,0.0,0,0
1614,THUMBS_DOWN,-49.50945528208398,1.0,74,0.018624603748321533,0,0
1615,THUMBS_UP,-50.375667577460405,1.0,76,0.0,0,0
1616,THUMBS_DOWN,-46.07667731162161,1.0,63,0.0,0,0
1617,THUMBS_DOWN,-41.733501283107316,1.0,56,0.0,0,0
1618,THUMBS_DOWN,-46.04920940725131,1.0,60,0.0,0,0
1619,THUMBS_UP,-59.62391688716832,1.0,99,0.0,0,0
1620,THUMBS_UP,-48.45496595922859,1.0,63,0.0,0,0
1621,OPEN_STOP,-19.10103904586284,1.0,34,0.008115291595458984,0,0
1622,THUMBS_DOWN,-45.553576397309094,1.0,60,0.0,0,0
1623,THUMBS_UP,-45.8399327799678,1.0,61,0.0,0,0
1624,THUMBS_UP,-46.63267516733383,1.0,58,0.0,0,0
1625,THUMBS_DOWN,-43.38956934424117,1.0,58,0.0,0,0
1626,OPEN_STOP,-18.154196570441126,1.0,32,0.0023733973503112793,0,0
1627,THUMBS_UP,-49.40104076727529,1.0,71,0.0,0,0
1628,THUMBS_UP,-48.418763516861944,1.0,66,0.0,0,0
1629,OPEN_STOP,-21.369533833432932,1.0,34,0.0,0,0
1630,THUMBS_UP,-43.87599459717053,1.0,57,0.0,0,0
1631,THUMBS_UP,-44.127742571234705,1.0,58,0.0,0,0
1632,THUMBS_DOWN,-41.8579444118403,1.0,58,0.0,0,0
1633,THUMBS_DOWN,-47.6240206188755,1.0,62,0.0,0,0
1634,OPEN_STOP,-23.962422123656143,1.0,40,0.0030436767265200615,0,0
1635,OPEN_STOP,-17.45680056381041,1.0,36,0.014983554370701313,0,0
1636,THUMBS_UP,-51.892318824511015,1.0,71,0.0,0,0
1637,THUMBS_UP,-43.279286677213385,1.0,56,0.0,0,0
1638,THUMBS_UP,-45.00967137937435,1.0,58,0.0,0,0
1639,THUMBS_UP,-48.957567571196705,1.0,60,0.0,0,0
1640,THUMBS_DOWN,-43.55480831747876,1.0,55,0.0,0,0
1641,THUMBS_DOWN,-50.63968554494903,1.0,67,0.0389641672372818,0,0
1642,OPEN_STOP,-21.520273574111037,1.0,34,0.0,0,0
1643,OPEN_STOP,-19.997922170944506,1.0,40,0.0,0,0
1644,THUMBS_DOWN,-46.169276385549495,1.0,59,0.0,0,0
1645,OPEN_STOP,-20.173906982992776,1.0,32,0.0,0,0
1646,THUMBS_UP,-46.776997585253554,1.0,61,0.0,0,0
1647,THUMBS_UP,-44.75918923924679,1.0,58,0.0,0,0
1648,OPEN_STOP,-17.261857504900554,1.0,31,0.0,0,0
1649,THUMBS_DOWN,-43.25182189131154,1.0,60,0.00428679957985878,0,0
1650,THUMBS_DOWN,-48.79147436417638,1.0,64,0.0,0,0
1651,OPEN_STOP,-25.209491220144557,1.0,49,0.0291814673691988,0,0
1652,OPEN_STOP,-19.55691183235495,1.0,45,0.014763366430997849,0,0
1653,THUMBS_UP,-45.72278018967249,1.0,56,0.0,0,0
1654,OPEN_STOP,-23.878385769715532,1.0,36,0.00017870264127850533,0,0
1655,OPEN_STOP,-20.191485866694727,1.0,31,0.0,0,0
1656,THUMBS_DOWN,-47.307837220486256,1.0,63,0.0,0,0
1657,THUMBS_UP,-41.54906109325587,1.0,55,0.0,0,0
1658,THUMBS_UP,-56.620534202564755,1.0,78,0.0,0,0
1659,OPEN_STOP,-18.90119049141184,1.0,31,0.0,0,0
1660,THUMBS_DOWN,-47.619479915983995,1.0,61,0.0,0,0
1661,THUMBS_DOWN,-41.581844541488664,1.0,73,0.0,0,0
1662,THUMBS_DOWN,-48.47007110945882,1.0,71,0.0,0,0
1663,THUMBS_UP,-46.32020077210849,1.0,61,0.0,0,0
1664,OPEN_STOP,-21.153706244844955,1.0,52,0.0,0,0
1665,THUMBS_DOWN,-47.626381611675015,1.0,66,0.0,0,0
1666,THUMBS_DOWN,-47.078122772648925,1.0,59,0.0,0,0
1667,OPEN_STOP,-20.55169240865857,1.0,31,0.01491469144821167,0,0
1668,THUMBS_DOWN,-48.94214571619406,1.0,64,0.0,0,0
1669,THUMBS_UP,-44.40711374521252,1.0,62,0.0,0,0
1670,THUMBS_DOWN,-45.60468185801057,1.0,58,0.0,0,0
1671,THUMBS_UP,-41.73131682615495,1.0,58,0.0,0,0
1672,THUMBS_UP,-46.67647537206299,1.0,61,0.0,0,0
1673,THUMBS_UP,-47.22108376592398,1.0,72,0.0,0,0
1674,THUMBS_UP,-50.92720089717539,1.0,84,0.0,0,0
1675,OPEN_STOP,-22.68987172405585,1.0,37,0.0,0,0
1676,THUMBS_UP,-46.969314054551056,1.0,59,0.0,0,0
1677,THUMBS_UP,-44.1652794862166,1.0,59,0.0,0,0
1678,OPEN_STOP,-17.868143071797682,1.0,31,0.0,0,0
1679,THUMBS_UP,-46.712549025844794,1.0,64,0.0,0,0
1680,OPEN_STOP,-14.984213923041237,1.0,60,0.010278642177581787,0,0
1681,THUMBS_UP,-45.59449078060689,1.0,60,0.0,0,0
1682,THUMBS_DOWN,-43.456872298340315,1.0,57,0.0,0,0
1683,THUMBS_DOWN,-44.25826519335617,1.0,62,0.0,0,0
1684,OPEN_STOP,-24.3757809845917,1.0,41,0.026789069175720215,0,0
1685,THUMBS_UP,-48.95113878024744,1.0,79,0.0,0,0
1686,THUMBS_DOWN,-46.00306419347878,1.0,64,0.0,0,0
1687,THUMBS_DOWN,-46.94085258641512,1.0,72,0.009905689395964146,0,0
1688,THUMBS_UP,-45.08503956392407,1.0,57,0.0,0,0
1689,THUMBS_UP,-45.555731124132876,1.0,58,0.0,0,0
1690,THUMBS_DOWN,-42.7760203443095,1.0,56,0.016200218349695206,0,0
1691,THUMBS_DOWN,-47.39269880449399,1.0,65,0.0,0,0
1692,THUMBS_DOWN,-44.59802525075151,1.0,59,0.0,0,0
1693,THUMBS_DOWN,-43.07897292349486,1.0,58,0.011042773723602295,0,0
1694,THUMBS_UP,-45.32180789668112,1.0,61,0.0,0,0
1695,THUMBS_DOWN,-43.96852833684535,1.0,58,0.0,0,0
1696,THUMBS_UP,-46.88339872859416,1.0,61,0.0,0,0
1697,THUMBS_UP,-43.20552803021857,1.0,69,0.0,0,0
1698,THUMBS_DOWN,-44.45406976975501,1.0,58,0.0,0,0
1699,OPEN_STOP,-17.956479885641023,1.0,32,0.0,0,0
1700,THUMBS_UP,-42.322582625052874,1.0,56,0.0,0,0
1701,THUMBS_DOWN,-43.977213042527474,1.0,57,0.042978137731552124,0,0
1702,OPEN_STOP,-18.21412922723218,1.0,30,0.02257990837097168,0,0
1703,THUMBS_DOWN,-43.95765718733891,1.0,59,0.0034347176551818848,0,0
1704,OPEN_STOP,-19.657688242807023,1.0,66,0.0,0,0
1705,THUMBS_DOWN,-40.70705871788552,1.0,56,0.0,0,0
1706,THUMBS_UP,-46.69232315320056,1.0,58,0.0026390806306153536,0,0
1707,THUMBS_DOWN,-44.74189390007406,1.0,60,0.0,0,0
1708,THUMBS_DOWN,-42.487729822322706,1.0,58,0.03633115440607071,0,0
1709,OPEN_STOP,-18.49859352390282,1.0,45,0.05282796546816826,0,0
1710,OPEN_STOP,-16.575805670320992,1.0,30,0.0022197961807250977,0,0
1711,THUMBS_UP,-44.838717167787266,1.0,60,0.0,0,0
1712,THUMBS_UP,-46.503027404081095,1.0,60,0.0,0,0
1713,OPEN_STOP,-21.1475430772081,1.0,35,0.0,0,0
1714,OPEN_STOP,-19.937631697612833,1.0,36,0.0027756227646023035,0,0
1715,THUMBS_DOWN,-46.91894648090007,1.0,60,0.0,0,0
1716,THUMBS_DOWN,-41.435439490172996,1.0,56,0.0,0,0
1717,THUMBS_DOWN,-44.145351071963105,1.0,63,0.0,0,0
1718,THUMBS_DOWN,-45.389111158139976,1.0,59,0.0,0,0
1719,THUMBS_DOWN,-42.73151405950077,1.0,58,0.0,0,0
1720,THUMBS_UP,-48.47924275513739,1.0,60,0.0,0,0
1721,THUMBS_DOWN,-43.463901156457155,1.0,59,0.0,0,0
1722,THUMBS_DOWN,-43.446792328059686,1.0,61,0.0,0,0
1723,THUMBS_DOWN,-43.56179704174399,1.0,64,0.0,0,0
1724,OPEN_STOP,-18.744678588304676,1.0,32,0.04158032312989235,0,0
1725,OPEN_STOP,-18.94137341671857,1.0,32,0.04612928628921509,0,0
1726,OPEN_STOP,-74.68102164553945,0.0,150,0.0,0,0
1727,THUMBS_UP,-45.48593375431374,1.0,59,0.0,0,0
1728,THUMBS_UP,-44.82962013602257,1.0,57,0.0,0,0
1729,THUMBS_DOWN,-41.20336318023503,1.0,56,0.0,0,0
1730,THUMBS_UP,-44.51999050553888,1.0,59,0.0,0,0
1731,THUMBS_UP,-43.947546738386166,1.0,61,0.0,0,0
1732,THUMBS_UP,-42.1947073754389,1.0,54,0.0,0,0
1733,OPEN_STOP,-18.45205216694624,1.0,39,0.0,0,0
1734,THUMBS_DOWN,-44.5472339910781,1.0,58,0.0,0,0
1735,OPEN_STOP,-22.050351026467965,1.0,44,0.019146554172039032,0,0
1736,THUMBS_DOWN,-44.37989378545434,1.0,58,0.0,0,0
1737,THUMBS_UP,-41.0308377302438,1.0,54,0.0,0,0
1738,OPEN_STOP,-17.361192037146537,1.0,30,0.0,0,0
1739,THUMBS_DOWN,-40.52826391587031,1.0,55,0.0,0,0
1740,THUMBS_UP,-45.279479071395485,1.0,71,0.0,0,0
1741,OPEN_STOP,-15.968398326691238,1.0,46,0.0,0,0
1742,THUMBS_DOWN,-43.45928730437534,1.0,59,0.0,0,0
1743,THUMBS_UP,-44.25073285743594,1.0,57,0.0,0,0
1744,THUMBS_DOWN,-46.07108554124833,1.0,68,0.0,0,0
1745,THUMBS_DOWN,-40.764051507096745,1.0,55,0.009752918966114521,0,0
1746,THUMBS_DOWN,-40.23866881636902,1.0,56,0.0,0,0
1747,OPEN_STOP,-64.57051317966427,0.0,150,0.039434194564819336,0,0
1748,THUMBS_UP,-40.992144663203476,1.0,55,0.0,0,0
1749,THUMBS_UP,-42.19750538103282,1.0,54,0.0,0,0
1750,OPEN_STOP,-16.679049844872203,1.0,44,0.0,0,0
1751,THUMBS_UP,-44.01016100976617,1.0,56,0.0,0,0
1752,THUMBS_UP,-42.82457265958189,1.0,58,0.0,0,0
1753,THUMBS_DOWN,-45.38996269542956,1.0,58,0.0,0,0
1754,THUMBS_UP,-44.44625479862095,1.0,61,0.0,0,0
1755,THUMBS_DOWN,-46.04181201715721,1.0,65,0.0,0,0
1756,THUMBS_DOWN,-42.57369025660681,1.0,57,0.0,0,0
1757,THUMBS_DOWN,-43.36327596543822,1.0,89,0.0,0,0
1758,THUMBS_UP,-45.45789436952208,1.0,58,0.014548189006745815,0,0
1759,THUMBS_DOWN,-46.43061219091527,1.0,62,0.0,0,0
1760,THUMBS_UP,-44.48997343584897,1.0,57,0.0,0,0
1761,THUMBS_UP,-47.3117657138407,1.0,59,0.0,0,0
1762,OPEN_STOP,-19.470812608500704,1.0,51,0.0,0,0
1763,THUMBS_DOWN,-43.18482655767353,1.0,58,0.0,0,0
1764,OPEN_STOP,-19.447404236991417,1.0,32,0.0,0,0
1765,OPEN_STOP,-17.793969780094926,1.0,32,0.0,0,0
1766,THUMBS_UP,-43.79501347854733,1.0,58,0.0,0,0
1767,THUMBS_DOWN,-41.80505808577407,1.0,57,0.0,0,0
1768,OPEN_STOP,-27.418131106197833,1.0,40,0.038017868995666504,0,0
1769,THUMBS_UP,-44.41752529054879,1.0,56,0.0,0,0
1770,THUMBS_DOWN,-49.59146222713521,1.0,68,0.02285212278366089,0,0
1771,OPEN_STOP,-18.09224953021855,1.0,31,0.03751170635223389,0,0
1772,THUMBS_DOWN,-44.598897621613,1.0,60,0.0,0,0
1773,THUMBS_DOWN,-41.672936581661915,1.0,59,0.0,0,0
1774,THUMBS_DOWN,-41.79776879629121,1.0,56,0.0,0,0
1775,OPEN_STOP,-25.05111172187607,1.0,77,0.012059032917022705,0,0
1776,OPEN_STOP,-14.582133542468059,1.0,47,0.0,0,0
1777,THUMBS_UP,-44.48047121407465,1.0,57,0.0,0,0
1778,OPEN_STOP,-17.964422662947335,1.0,31,0.0,0,0
1779,THUMBS_UP,-43.09491206198932,1.0,54,0.0,0,0
1780,THUMBS_UP,-41.328313985075795,1.0,53,0.0,0,0
1781,THUMBS_UP,-44.11859029352665,1.0,56,0.0,0,0
1782,OPEN_STOP,-18.38133439972996,1.0,46,0.0,0,0
1783,OPEN_STOP,-15.241080145847514,1.0,41,0.0,0,0
1784,OPEN_STOP,-19.572743406817324,1.0,35,0.0,0,0
1785,THUMBS_DOWN,-48.02649808201941,1.0,63,0.0,0,0
1786,THUMBS_UP,-43.266311895996346,1.0,57,0.0,0,0
1787,THUMBS_DOWN,-40.906272185891886,1.0,55,0.0,0,0
1788,OPEN_STOP,-17.731715428810567,1.0,39,0.0,0,0
1789,OPEN_STOP,-26.44147952841594,1.0,81,0.0,0,0
1790,OPEN_STOP,-20.21900213826447,1.0,49,0.0,0,0
1791,OPEN_STOP,-22.115145948827276,1.0,38,0.013477921485900879,0,0
1792,THUMBS_UP,-39.92535309426488,1.0,55,0.0,0,0
1793,OPEN_STOP,-21.23212079245598,1.0,41,0.0,0,0
1794,OPEN_STOP,-18.09767730411142,1.0,37,0.0047493577003479,0,0
1795,OPEN_STOP,-22.99541782386601,1.0,38,0.004777014255523682,0,0
1796,THUMBS_DOWN,-42.112721509113925,1.0,56,0.0,0,0
1797,OPEN_STOP,-19.188621172825805,1.0,71,0.0,0,0
1798,OPEN_STOP,-18.434147591404614,1.0,67,0.0,0,0
1799,THUMBS_UP,-72.66997259847932,1.0,132,0.0,0,0
1800,THUMBS_UP,-43.73481419741408,1.0,57,0.0,0,0
1801,OPEN_STOP,-15.533374261371799,1.0,50,0.010165631771087646,0,0
1802,THUMBS_UP,-40.66338059168309,1.0,56,0.0,0,0
1803,THUMBS_DOWN,-41.379376019872744,1.0,56,0.0,0,0
1804,OPEN_STOP,-19.12032328522764,1.0,43,0.0,0,0
1805,OPEN_STOP,-19.629449979048225,1.0,35,0.039246171712875366,0,0
1806,OPEN_STOP,-19.035699962116773,1.0,33,0.040383510291576385,0,0
1807,OPEN_STOP,-18.022210060413926,1.0,31,0.022383570671081543,0,0
1808,THUMBS_UP,-41.96862792199475,1.0,53,0.0,0,0
1809,THUMBS_DOWN,-43.21420960291289,1.0,56,0.0,0,0
1810,THUMBS_UP,-44.86583862412137,1.0,57,0.0,0,0
1811,THUMBS_UP,-43.779981171265256,1.0,58,0.0,0,0
1812,THUMBS_DOWN,-42.94897907074543,1.0,57,0.0,0,0
1813,OPEN_STOP,-20.189857668243352,1.0,32,0.014832556247711182,0,0
1814,OPEN_STOP,-17.549266491616144,1.0,32,0.0,0,0
1815,THUMBS_DOWN,-40.69630419278517,1.0,68,0.0,0,0
1816,THUMBS_DOWN,-42.640603094846014,1.0,58,0.0,0,0
1817,OPEN_STOP,-18.55323203844949,1.0,38,0.013074036687612534,0,0
1818,THUMBS_DOWN,-45.77753000226805,1.0,60,0.0,0,0
1819,OPEN_STOP,-18.465133972056208,1.0,40,0.00258537195622921,0,0
1820,THUMBS_DOWN,-43.60077564902602,1.0,59,0.0,0,0
1821,THUMBS_DOWN,-44.69699517063795,1.0,60,0.0,0,0
1822,THUMBS_UP,-42.10108426516874,1.0,56,0.0,0,0
1823,THUMBS_UP,-44.981224049776806,1.0,57,0.0,0,0
1824,OPEN_STOP,-14.698880910444997,1.0,48,0.024283885955810547,0,0
1825,THUMBS_UP,-41.39511576349848,1.0,53,0.0,0,0
1826,THUMBS_DOWN,-45.1401966762729,1.0,59,0.0,0,0
1827,THUMBS_DOWN,-42.093019869625536,1.0,56,0.0,0,0
1828,OPEN_STOP,-16.939880415722723,1.0,31,0.044100284576416016,0,0
1829,THUMBS_DOWN,-41.88547389179933,1.0,56,0.0,0,0
1830,THUMBS_DOWN,-41.7592297580093,1.0,58,0.0,0,0
1831,OPEN_STOP,-16.367870829962207,1.0,31,0.012964010238647461,0,0
1832,OPEN_STOP,-19.003484607348227,1.0,32,0.0,0,0
1833,OPEN_STOP,-16.505807358669124,1.0,34,0.01723651960492134,0,0
1834,OPEN_STOP,-16.24147131323815,1.0,35,0.0,0,0
1835,THUMBS_DOWN,-43.94612044453621,1.0,58,0.029732227325439453,0,0
1836,THUMBS_DOWN,-44.02120920021086,1.0,59,0.0,0,0
1837,OPEN_STOP,-17.75213507542911,1.0,31,0.015165026299655437,0,0
1838,OPEN_STOP,-16.99730787433684,1.0,31,0.006054043769836426,0,0
1839,THUMBS_UP,-43.84079048575835,1.0,58,0.0,0,0
1840,THUMBS_DOWN,-41.358517522066826,1.0,68,0.016831083223223686,0,0
1841,OPEN_STOP,-20.449374009296285,1.0,33,0.0,0,0
1842,THUMBS_UP,-42.935997377093884,1.0,56,0.0,0,0
1843,THUMBS_DOWN,-42.621640463136124,1.0,55,0.0,0,0
1844,THUMBS_UP,-48.06078665725887,1.0,59,0.0,0,0
1845,THUMBS_UP,-44.19098435487601,1.0,71,0.0,0,0
1846,THUMBS_UP,-41.96416807809845,1.0,55,0.0,0,0
1847,THUMBS_DOWN,-45.132640351988385,1.0,60,0.0,0,0
1848,THUMBS_DOWN,-41.18513228039839,1.0,55,0.0,0,0
1849,THUMBS_UP,-42.59525523258372,1.0,53,0.0,0,0
1850,THUMBS_DOWN,-39.62553360289894,1.0,54,0.0,0,0
1851,THUMBS_DOWN,-43.25347168432548,1.0,58,0.0,0,0
1852,THUMBS_DOWN,-42.0516850243602,1.0,55,0.0063384645618498325,0,0
1853,THUMBS_DOWN,-41.94027637908235,1.0,56,0.0,0,0
1854,THUMBS_DOWN,-41.93090650324708,1.0,56,0.0,0,0
1855,OPEN_STOP,-20.800956721911202,1.0,33,0.053642239421606064,0,0
1856,OPEN_STOP,-19.074683945309374,1.0,33,0.0,0,0
1857,OPEN_STOP,-17.25002671745606,1.0,29,0.0,0,0
1858,THUMBS_DOWN,-42.90193328771741,1.0,63,0.0,0,0
1859,THUMBS_DOWN,-42.898913204912084,1.0,57,0.0,0,0
1860,THUMBS_UP,-39.94301791466775,1.0,54,0.0,0,0
1861,OPEN_STOP,-16.67121970424428,1.0,30,0.0,0,0
1862,OPEN_STOP,-18.143596493955698,1.0,32,0.009633420966565609,0,0
1863,THUMBS_UP,-40.58398752572947,1.0,55,0.0,0,0
1864,THUMBS_UP,-41.45319159671667,1.0,54,0.0,0,0
1865,THUMBS_DOWN,-45.15184336143548,1.0,59,0.0,0,0
1866,THUMBS_DOWN,-41.457701515711676,1.0,58,0.0,0,0
1867,THUMBS_UP,-42.36266844611614,1.0,55,0.0,0,0
1868,THUMBS_DOWN,-42.05441647749396,1.0,57,0.0,0,0
1869,THUMBS_DOWN,-41.853022104837024,1.0,57,0.0,0,0
1870,OPEN_STOP,-20.325835662316535,1.0,40,0.0,0,0
1871,OPEN_STOP,-14.737666345601893,1.0,42,0.01710522174835205,0,0
1872,OPEN_STOP,-14.697018159800225,1.0,43,0.011701703071594238,0,0
1873,THUMBS_UP,-39.38426956866868,1.0,53,0.0,0,0
1874,OPEN_STOP,-20.730906448401495,1.0,35,0.0,0,0
1875,THUMBS_DOWN,-43.27510058663784,1.0,54,0.009343087673187256,0,0
1876,OPEN_STOP,-17.94358022083529,1.0,30,0.02583974599838257,0,0
1877,OPEN_STOP,-16.970583252012744,1.0,44,0.0,0,0
1878,OPEN_STOP,-16.267360001159837,1.0,29,0.00827140361070633,0,0
1879,THUMBS_DOWN,-47.34007463103163,1.0,57,0.0,0,0
1880,THUMBS_UP,-45.55104409951719,1.0,58,0.0,0,0
1881,THUMBS_UP,-43.7720841806708,1.0,56,0.0,0,0
1882,THUMBS_DOWN,-43.62797267783432,1.0,56,0.0,0,0
1883,THUMBS_UP,-41.1887421248108,1.0,54,0.0,0,0
1884,THUMBS_UP,-41.98255813375116,1.0,56,0.0,0,0
1885,OPEN_STOP,-19.5922222276032,1.0,32,0.0,0,0
1886,OPEN_STOP,-17.462855268996222,1.0,30,0.01834195852279663,0,0
1887,THUMBS_DOWN,-41.639183656591925,1.0,58,0.0,0,0
1888,THUMBS_UP,-45.39062990523878,1.0,56,0.0,0,0
1889,THUMBS_DOWN,-40.44324150807691,1.0,73,0.0,0,0
1890,OPEN_STOP,-19.050865622535348,1.0,32,0.053896065801382065,0,0
1891,THUMBS_DOWN,-41.19287951318546,1.0,54,0.0,0,0
1892,THUMBS_DOWN,-38.36974230616352,1.0,61,0.0,0,0
1893,THUMBS_UP,-42.04720568493008,1.0,55,0.0,0,0
1894,THUMBS_DOWN,-43.076538998894385,1.0,57,0.0,0,0
1895,OPEN_STOP,-17.153228538138798,1.0,30,0.0,0,0
1896,THUMBS_DOWN,-43.815930415263885,1.0,58,0.0,0,0
1897,OPEN_STOP,-15.392877428894865,1.0,46,0.015295624732971191,0,0
1898,THUMBS_DOWN,-41.76230547627433,1.0,55,0.0,0,0
1899,OPEN_STOP,-17.30519486261531,1.0,30,0.0,0,0
1900,THUMBS_DOWN,-44.58498390013236,1.0,58,0.021483732387423515,0,0
1901,THUMBS_DOWN,-39.64632726315527,1.0,54,0.0,0,0
1902,OPEN_STOP,-16.665340627860274,1.0,38,0.0113258957862854,0,0
1903,THUMBS_DOWN,-43.11070963582026,1.0,55,0.0,0,0
1904,THUMBS_DOWN,-41.21939293085598,1.0,57,0.0,0,0
1905,THUMBS_DOWN,-41.462626248523584,1.0,54,0.0,0,0
1906,THUMBS_DOWN,-42.70169045597315,1.0,57,0.0,0,0
1907,THUMBS_UP,-42.008157733283014,1.0,55,0.0,0,0
1908,THUMBS_UP,-41.59784305036068,1.0,54,0.0,0,0
1909,OPEN_STOP,-19.918209261111922,1.0,32,0.010362982749938965,0,0
1910,THUMBS_DOWN,-46.534817194859514,1.0,59,0.0,0,0
1911,OPEN_STOP,-16.6083011524845,1.0,37,0.007016691379249096,0,0
1912,THUMBS_DOWN,-45.063349404667974,1.0,56,0.0,0,0
1913,THUMBS_UP,-43.98587543517352,1.0,56,0.0,0,0
1914,OPEN_STOP,-17.627266542436555,1.0,30,0.0,0,0
1915,THUMBS_UP,-39.89745926620205,1.0,72,0.0,0,0
1916,THUMBS_UP,-44.15676707994192,1.0,56,0.0,0,0
1917,OPEN_STOP,-15.732381270248457,1.0,45,0.0,0,0
1918,THUMBS_UP,-46.335158904511474,1.0,114,0.0,0,0
1919,THUMBS_DOWN,-43.24977629914879,1.0,57,0.0,0,0
1920,OPEN_STOP,-16.009385035857562,1.0,31,0.0,0,0
1921,THUMBS_DOWN,-38.8130734615866,1.0,54,0.0,0,0
1922,THUMBS_UP,-44.18309688381153,1.0,78,0.0,0,0
1923,OPEN_STOP,-17.39351421413246,1.0,39,0.0,0,0
1924,THUMBS_UP,-42.71750415123881,1.0,55,0.0,0,0
1925,OPEN_STOP,-15.33933536731638,1.0,29,0.0,0,0
1926,THUMBS_DOWN,-39.25366736748722,1.0,53,0.01746383309364319,0,0
1927,THUMBS_UP,-44.034135797396296,1.0,56,0.0,0,0
1928,THUMBS_DOWN,-42.86945702963508,1.0,55,0.008338356390595436,0,0
1929,OPEN_STOP,-17.32966124626809,1.0,33,0.0,0,0
1930,THUMBS_UP,-41.968613147344435,1.0,54,0.0,0,0
1931,OPEN_STOP,-11.706339384471063,1.0,43,0.0,0,0
1932,OPEN_STOP,-15.581153165716682,1.0,30,0.0,0,0
1933,THUMBS_UP,-42.86248643573374,1.0,55,0.0,0,0
1934,OPEN_STOP,-15.80707492932211,1.0,30,0.008833765983581543,0,0
1935,THUMBS_UP,-41.35908518522977,1.0,55,0.0,0,0
1936,THUMBS_DOWN,-42.536554066389776,1.0,56,0.0,0,0
1937,THUMBS_DOWN,-39.3666844049096,1.0,52,0.0037336349487304688,0,0
1938,THUMBS_UP,-43.53917173579336,1.0,59,0.0,0,0
1939,OPEN_STOP,-16.918708738405257,1.0,31,0.0,0,0
1940,THUMBS_UP,-42.80749125073667,1.0,55,0.0,0,0
1941,THUMBS_DOWN,-41.567051040232194,1.0,57,0.0,0,0
1942,OPEN_STOP,-15.370873848963523,1.0,28,0.0,0,0
1943,THUMBS_UP,-43.38994644044432,1.0,58,0.0,0,0
1944,OPEN_STOP,-16.61590829176828,1.0,30,0.0,0,0
1945,THUMBS_UP,-42.743354667555536,1.0,52,0.0,0,0
1946,OPEN_STOP,-17.734471111143943,1.0,40,0.0,0,0
1947,THUMBS_UP,-40.911040060445664,1.0,53,0.0,0,0
1948,OPEN_STOP,-15.837140818741181,1.0,29,0.0,0,0
1949,THUMBS_DOWN,-42.01878455528988,1.0,56,0.0,0,0
1950,OPEN_STOP,-15.990156458755958,1.0,41,0.0,0,0
1951,THUMBS_DOWN,-41.23160370659081,1.0,55,0.03491705656051636,0,0
1952,THUMBS_DOWN,-41.73727398931979,1.0,57,0.0,0,0
1953,THUMBS_UP,-41.90112553811167,1.0,69,0.0,0,0
1954,OPEN_STOP,-16.56240887939931,1.0,40,0.008128643035888672,0,0
1955,THUMBS_UP,-45.777383658150264,1.0,59,0.0,0,0
1956,THUMBS_DOWN,-40.82648416959448,1.0,55,0.0,0,0
1957,OPEN_STOP,-18.085788486152893,1.0,31,0.0,0,0
1958,OPEN_STOP,-18.74613289954141,1.0,33,0.0,0,0
1959,THUMBS_DOWN,-42.939953107545136,1.0,59,0.0,0,0
1960,THUMBS_DOWN,-45.46117974165828,1.0,59,0.0,0,0
1961,THUMBS_DOWN,-39.03767178796229,1.0,53,0.0,0,0
1962,THUMBS_DOWN,-40.50203706690577,1.0,54,0.0,0,0
1963,OPEN_STOP,-13.32233373984694,1.0,56,0.0,0,0
1964,THUMBS_DOWN,-43.87129017893223,1.0,56,0.0,0,0
1965,THUMBS_DOWN,-41.97645681891243,1.0,56,0.0005307637038640678,0,0
1966,THUMBS_DOWN,-42.06705840483309,1.0,54,0.0,0,0
1967,OPEN_STOP,-14.288641017451877,1.0,47,0.0,0,0
1968,THUMBS_UP,-42.63907013025134,1.0,55,0.0,0,0
1969,THUMBS_UP,-39.50802205743486,1.0,53,0.0,0,0
1970,OPEN_STOP,-15.069410054404301,1.0,47,0.0,0,0
1971,THUMBS_DOWN,-40.21090825573192,1.0,53,0.0,0,0
1972,OPEN_STOP,-16.430540388785296,1.0,31,0.03449643775820732,0,0
1973,OPEN_STOP,-17.5417043362558,1.0,44,0.019757628440856934,0,0
1974,THUMBS_DOWN,-40.830818481221804,1.0,54,0.0072776079177856445,0,0
1975,THUMBS_DOWN,-43.214750674393144,1.0,57,0.0,0,0
1976,THUMBS_UP,-39.23533227249981,1.0,54,0.0046443939208984375,0,0
1977,THUMBS_UP,-43.93667540460822,1.0,66,0.0,0,0
1978,THUMBS_UP,-44.59989290865139,1.0,64,0.0,0,0
1979,THUMBS_DOWN,-40.58155424082652,1.0,55,0.0,0,0
1980,OPEN_STOP,-14.78022838999052,1.0,41,0.0,0,0
1981,THUMBS_UP,-41.2950412092358,1.0,56,0.0,0,0
1982,OPEN_STOP,-17.623389867376535,1.0,34,0.0,0,0
1983,THUMBS_UP,-42.96383697964252,1.0,56,0.0,0,0
1984,OPEN_STOP,-18.47689905844629,1.0,31,0.038456469774246216,0,0
1985,THUMBS_DOWN,-43.61324496305548,1.0,57,0.0,0,0
1986,THUMBS_DOWN,-41.228751137366054,1.0,54,0.0,0,0
1987,THUMBS_UP,-42.883478265078736,1.0,54,0.0,0,0
1988,THUMBS_UP,-41.0382519599423,1.0,53,0.0,0,0
1989,THUMBS_DOWN,-41.37735813263107,1.0,54,0.0,0,0
1990,THUMBS_DOWN,-42.06285708302863,1.0,57,0.0,0,0
1991,THUMBS_DOWN,-42.3399271308072,1.0,55,0.0,0,0
1992,THUMBS_UP,-45.279917647131356,1.0,72,0.0,0,0
1993,OPEN_STOP,-14.473968537566254,1.0,40,0.0,0,0
1994,OPEN_STOP,-17.5335715582408,1.0,30,0.0,0,0
1995,THUMBS_DOWN,-42.10185826930217,1.0,56,0.010875707492232323,0,0
1996,THUMBS_UP,-41.1034540551342,1.0,55,0.0,0,0
1997,OPEN_STOP,-20.75048634729349,1.0,33,0.02420419454574585,0,0
1998,OPEN_STOP,-17.8329772587726,1.0,40,0.0,0,0
1999,OPEN_STOP,-17.382135156802825,1.0,31,0.0,0,0
2000,OPEN_STOP,-14.813761308565732,1.0,49,0.021928727626800537,0,0
2001,OPEN_STOP,-19.829467655532067,1.0,36,0.0,0,0
2002,THUMBS_DOWN,-44.022897507026805,1.0,56,0.0,0,0
2003,OPEN_STOP,-17.327785094599243,1.0,67,0.028554141521453857,0,0
2004,THUMBS_UP,-41.559239197224365,1.0,54,0.0,0,0
2005,THUMBS_DOWN,-40.61144254907037,1.0,54,0.0,0,0
2006,OPEN_STOP,-16.205401312634358,1.0,30,0.0,0,0
2007,THUMBS_DOWN,-42.80176367633044,1.0,54,0.0,0,0
2008,OPEN_STOP,-13.551099762283284,1.0,47,0.0,0,0
2009,THUMBS_UP,-42.2470939832926,1.0,55,0.0,0,0
2010,THUMBS_DOWN,-41.44943517029282,1.0,56,0.0,0,0
2011,THUMBS_DOWN,-41.519475861145175,1.0,55,0.002544880611822009,0,0
2012,THUMBS_DOWN,-41.74065566074103,1.0,55,0.0,0,0
2013,THUMBS_UP,-40.87524901185183,1.0,54,0.0,0,0
2014,OPEN_STOP,-17.89675839453936,1.0,33,0.0,0,0
2015,OPEN_STOP,-17.857152442671357,1.0,33,0.0,0,0
2016,OPEN_STOP,-17.62945120546967,1.0,31,0.0,0,0
2017,THUMBS_DOWN,-43.052252500169,1.0,55,0.0,0,0
2018,OPEN_STOP,-16.179046956119425,1.0,37,0.0,0,0
2019,THUMBS_DOWN,-38.89307461923456,1.0,53,0.010749786160886288,0,0
2020,OPEN_STOP,-17.147705363584688,1.0,30,0.0,0,0
2021,OPEN_STOP,-15.65141873264685,1.0,30,0.045450445264577866,0,0
2022,THUMBS_DOWN,-40.57707761263474,1.0,54,0.0,0,0
2023,THUMBS_UP,-44.17630869128739,1.0,54,0.0,0,0
2024,OPEN_STOP,-15.487292633410535,1.0,41,0.0,0,0
2025,THUMBS_DOWN,-41.672268172660836,1.0,56,0.017390072345733643,0,0
2026,THUMBS_UP,-45.396099955792295,1.0,56,0.0,0,0
2027,THUMBS_UP,-41.49904052685946,1.0,53,0.0,0,0
2028,THUMBS_UP,-39.440622963290664,1.0,52,0.0,0,0
2029,OPEN_STOP,-16.05576347438618,1.0,31,0.0489039421081543,0,0
2030,THUMBS_UP,-45.82831953085959,1.0,57,0.0,0,0
2031,OPEN_STOP,-14.772588405944406,1.0,46,0.0,0,0
2032,THUMBS_DOWN,-40.35971969850361,1.0,53,0.0,0,0
2033,OPEN_STOP,-15.130228982083498,1.0,29,0.010056614875793457,0,0
2034,THUMBS_UP,-41.339667641185244,1.0,53,0.0,0,0
2035,OPEN_STOP,-18.639403678029772,1.0,32,0.0,0,0
2036,THUMBS_DOWN,-44.72666994692758,1.0,55,0.0,0,0
2037,OPEN_STOP,-14.999757404522976,1.0,59,0.019806068390607834,0,0
2038,THUMBS_DOWN,-41.745554010896015,1.0,55,0.0,0,0
2039,OPEN_STOP,-17.043316479381176,1.0,32,0.0,0,0
2040,OPEN_STOP,-18.37784813372418,1.0,33,0.013352957554161549,0,0
2041,THUMBS_UP,-46.65885487675668,1.0,73,0.0,0,0
2042,THUMBS_DOWN,-45.27269312253221,1.0,57,0.0,0,0
2043,THUMBS_UP,-42.283994906432916,1.0,55,0.0,0,0
2044,THUMBS_DOWN,-48.16469108339401,1.0,57,0.011077968403697014,0,0
2045,OPEN_STOP,-15.844454443808642,1.0,36,0.014265716075897217,0,0
2046,THUMBS_UP,-44.0957723750174,1.0,56,0.0,0,0
2047,THUMBS_DOWN,-41.190298246219754,1.0,54,0.0,0,0
2048,THUMBS_DOWN,-42.57411230999976,1.0,54,0.0,0,0
2049,THUMBS_UP,-40.10192274348811,1.0,53,0.0,0,0
2050,OPEN_STOP,-15.89259766260337,1.0,29,0.0,0,0
2051,THUMBS_UP,-41.19201588885858,1.0,55,0.0,0,0
2052,THUMBS_DOWN,-35.15292497095652,1.0,74,0.034872762858867645,0,0
2053,OPEN_STOP,-17.500858250381405,1.0,39,0.0,0,0
2054,OPEN_STOP,-14.895124086067081,1.0,28,0.0,0,0
2055,OPEN_STOP,-17.013309293901543,1.0,40,0.0,0,0
2056,THUMBS_DOWN,-41.27085109660984,1.0,55,0.0,0,0
2057,THUMBS_UP,-39.54765715925489,1.0,54,0.0,0,0
2058,OPEN_STOP,-13.834272642955176,1.0,40,0.0,0,0
2059,THUMBS_UP,-40.674774510320276,1.0,55,0.0,0,0
2060,OPEN_STOP,-21.148171713789914,1.0,32,0.055651307106018066,0,0
2061,THUMBS_UP,-39.08319411838427,1.0,53,0.0,0,0
2062,THUMBS_DOWN,-42.706576315052814,1.0,54,0.0,0,0
2063,OPEN_STOP,-16.821893183288637,1.0,45,0.0,0,0
2064,THUMBS_UP,-41.920744338845836,1.0,53,0.0,0,0
2065,THUMBS_DOWN,-44.61794277919456,1.0,58,0.0,0,0
2066,THUMBS_DOWN,-42.77067891426384,1.0,55,0.0,0,0
2067,THUMBS_UP,-39.33329136708754,1.0,53,0.0,0,0
2068,THUMBS_DOWN,-40.529123536869896,1.0,67,0.0,0,0
2069,THUMBS_DOWN,-42.8733762773406,1.0,55,0.018094897270202637,0,0
2070,THUMBS_DOWN,-44.187282809019116,1.0,55,0.0,0,0
2071,THUMBS_DOWN,-43.90103811435402,1.0,56,0.0,0,0
2072,THUMBS_DOWN,-43.10814930178225,1.0,55,0.0,0,0
2073,THUMBS_DOWN,-44.06500110356605,1.0,57,0.0322989895939827,0,0
2074,THUMBS_DOWN,-40.218314128334185,1.0,52,0.0,0,0
2075,OPEN_STOP,-19.291495427880434,1.0,42,0.0,0,0
2076,OPEN_STOP,-16.242151238401433,1.0,45,0.0,0,0
2077,OPEN_STOP,-15.862728387694807,1.0,29,0.0,0,0
2078,OPEN_STOP,-16.984417211320253,1.0,50,0.010024038143455982,0,0
2079,OPEN_STOP,-18.317194928321985,1.0,31,0.0,0,0
2080,THUMBS_DOWN,-45.122504680161356,1.0,56,0.0,0,0
2081,THUMBS_UP,-40.35345220032616,1.0,53,0.0,0,0
2082,THUMBS_DOWN,-40.669702985370535,1.0,54,0.0,0,0
2083,OPEN_STOP,-18.141916672177615,1.0,30,0.0,0,0
2084,THUMBS_DOWN,-41.884808957371845,1.0,55,0.0,0,0
2085,THUMBS_DOWN,-38.608304846175,1.0,51,0.0,0,0
2086,THUMBS_UP,-43.29529333021491,1.0,55,0.0,0,0
2087,THUMBS_UP,-41.429797053672374,1.0,56,0.0,0,0
2088,THUMBS_DOWN,-43.26844913663808,1.0,58,0.0,0,0
2089,OPEN_STOP,-17.075632698005066,1.0,30,0.0,0,0
2090,OPEN_STOP,-16.494268876258285,1.0,30,0.015053589828312397,0,0
2091,THUMBS_UP,-39.351629536803785,1.0,55,0.0,0,0
2092,THUMBS_DOWN,-41.04043419721072,1.0,54,0.017696738243103027,0,0
2093,THUMBS_UP,-42.16664436642081,1.0,54,0.0,0,0
2094,THUMBS_DOWN,-44.20285413743928,1.0,57,0.0,0,0
2095,OPEN_STOP,-18.07210448463448,1.0,31,0.0,0,0
2096,OPEN_STOP,-16.821492110649125,1.0,29,0.007514867465943098,0,0
2097,THUMBS_UP,-42.35071391521022,1.0,56,0.0,0,0
2098,THUMBS_UP,-41.93192346386611,1.0,54,0.0,0,0
2099,THUMBS_DOWN,-44.3327521257475,1.0,57,0.021105704829096794,0,0
2100,THUMBS_UP,-44.806579218301906,1.0,57,0.0,0,0
2101,THUMBS_DOWN,-43.609991159979266,1.0,58,0.0,0,0
2102,OPEN_STOP,-14.93491594735533,1.0,29,0.0,0,0
2103,THUMBS_DOWN,-42.00920766893772,1.0,54,0.053865909576416016,0,0
2104,THUMBS_UP,-41.34477668128908,1.0,56,0.0,0,0
2105,THUMBS_UP,-39.85855431972069,1.0,54,0.0,0,0
2106,THUMBS_UP,-43.41709610588846,1.0,57,0.0,0,0
2107,THUMBS_DOWN,-40.956244134608426,1.0,53,0.0,0,0
2108,THUMBS_UP,-38.84463364648634,1.0,52,0.0,0,0
2109,THUMBS_UP,-40.414157111737865,1.0,54,0.0,0,0
2110,THUMBS_UP,-42.606295448765174,1.0,56,0.0,0,0
2111,OPEN_STOP,-16.080285831782962,1.0,29,0.0,0,0
2112,OPEN_STOP,-20.008272145614036,1.0,32,0.05304054543375969,0,0
2113,THUMBS_UP,-43.854495173245674,1.0,56,0.0,0,0
2114,THUMBS_UP,-39.50199753351511,1.0,53,0.0,0,0
2115,THUMBS_DOWN,-40.704053690445136,1.0,54,0.021872878074645996,0,0
2116,THUMBS_UP,-40.34687476972119,1.0,54,0.0,0,0
2117,OPEN_STOP,-19.12215902383439,1.0,33,0.0,0,0
2118,OPEN_STOP,-16.626468322561124,1.0,30,0.0,0,0
2119,THUMBS_UP,-39.270959758870326,1.0,52,0.0,0,0
2120,THUMBS_UP,-42.94185083463789,1.0,54,0.0,0,0
2121,OPEN_STOP,-20.43941794199869,1.0,32,0.0,0,0
2122,THUMBS_DOWN,-41.32961110238916,1.0,54,0.0,0,0
2123,THUMBS_UP,-44.86225291121753,1.0,57,0.0,0,0
2124,OPEN_STOP,-17.32241602851078,1.0,31,0.028085311874747276,0,0
2125,THUMBS_DOWN,-41.543354252449916,1.0,54,0.0026280879974365234,0,0
2126,THUMBS_DOWN,-42.90401594340334,1.0,56,0.0,0,0
2127,OPEN_STOP,-16.51322901614941,1.0,29,0.005836664233356714,0,0
2128,OPEN_STOP,-17.759243262894458,1.0,33,0.03907565027475357,0,0
2129,THUMBS_DOWN,-42.3289981953986,1.0,54,0.0,0,0
2130,OPEN_STOP,-18.72211120010121,1.0,33,0.0010936263715848327,0,0
2131,OPEN_STOP,-18.614146626712756,1.0,32,0.0,0,0
2132,OPEN_STOP,-18.907501795627176,1.0,49,0.035687029361724854,0,0
2133,THUMBS_UP,-43.507249830942605,1.0,55,0.0,0,0
2134,THUMBS_UP,-43.149150633662934,1.0,54,0.0,0,0
2135,OPEN_STOP,-16.5414188305661,1.0,30,0.0,0,0
2136,THUMBS_DOWN,-39.125028032745185,1.0,65,0.0,0,0
2137,THUMBS_UP,-43.94289209201931,1.0,56,0.0,0,0
2138,OPEN_STOP,-16.585024755038326,1.0,31,0.0,0,0
2139,OPEN_STOP,-15.815796616673467,1.0,29,0.011553168296813965,0,0
2140,THUMBS_UP,-40.073388109523805,1.0,54,0.0,0,0
2141,THUMBS_DOWN,-35.06031284699215,1.0,75,0.0,0,0
2142,THUMBS_UP,-44.77182698944584,1.0,55,0.0,0,0
2143,OPEN_STOP,-17.394557811804127,1.0,41,0.01015123724937439,0,0
2144,THUMBS_UP,-44.30529365852473,1.0,55,0.0,0,0
2145,OPEN_STOP,-14.5307382266596,1.0,35,0.008046423085033894,0,0
2146,THUMBS_DOWN,-40.71178475403695,1.0,53,0.0,0,0
2147,THUMBS_UP,-39.996130063747984,1.0,52,0.0,0,0
2148,OPEN_STOP,-18.687419369276615,1.0,33,0.0,0,0
2149,OPEN_STOP,-17.748451602868734,1.0,33,0.0,0,0
2150,THUMBS_UP,-44.26374062316959,1.0,55,0.0,0,0
2151,OPEN_STOP,-10.690790785215794,1.0,78,0.01974719762802124,0,0
2152,OPEN_STOP,-17.358923953883362,1.0,42,0.0,0,0
2153,THUMBS_UP,-50.8636847279823,1.0,94,0.0,0,0
2154,THUMBS_DOWN,-41.530908228233436,1.0,56,0.0,0,0
2155,THUMBS_DOWN,-42.01258182428778,1.0,55,0.007900834083557129,0,0
2156,OPEN_STOP,-14.875717527195812,1.0,29,0.011219501495361328,0,0
2157,THUMBS_UP,-44.44776547703892,1.0,57,0.0,0,0
2158,THUMBS_DOWN,-43.62991602687163,1.0,56,0.0,0,0
2159,THUMBS_UP,-42.80893808430063,1.0,56,0.0,0,0
2160,THUMBS_DOWN,-39.68101596765222,1.0,54,0.0,0,0
2161,OPEN_STOP,-20.19550037160517,1.0,34,0.0,0,0
2162,THUMBS_UP,-43.607037984747464,1.0,57,0.0,0,0
2163,THUMBS_DOWN,-40.7224495213106,1.0,55,0.0,0,0
2164,THUMBS_DOWN,-43.907135603912174,1.0,56,0.0,0,0
2165,THUMBS_UP,-44.553538154326375,1.0,58,0.0,0,0
2166,THUMBS_DOWN,-42.546916520411635,1.0,55,0.0,0,0
2167,OPEN_STOP,-15.069409431063118,1.0,49,0.03572512045502663,0,0
2168,OPEN_STOP,-18.512931754421437,1.0,31,0.0016798973083496094,0,0
2169,THUMBS_UP,-40.69725216453895,1.0,53,0.0,0,0
2170,THUMBS_UP,-40.7218367655133,1.0,54,0.0,0,0
2171,THUMBS_UP,-39.26237357446925,1.0,53,0.0,0,0
2172,THUMBS_DOWN,-44.20794896097624,1.0,57,0.0,0,0
2173,THUMBS_UP,-42.19799573089347,1.0,54,0.0,0,0
2174,OPEN_STOP,-18.17957267172635,1.0,31,0.0,0,0
2175,THUMBS_DOWN,-41.1807938434585,1.0,55,0.0,0,0
2176,OPEN_STOP,-16.522590486397974,1.0,38,0.0,0,0
2177,THUMBS_DOWN,-42.103285760395245,1.0,53,0.0,0,0
2178,THUMBS_DOWN,-39.55715483956038,1.0,69,0.0,0,0
2179,THUMBS_UP,-41.77470870364458,1.0,56,0.0,0,0
2180,THUMBS_DOWN,-43.99519023086876,1.0,54,0.0,0,0
2181,THUMBS_DOWN,-42.41201834365725,1.0,56,0.0,0,0
2182,THUMBS_DOWN,-37.49186099603773,1.0,52,0.0,0,0
2183,OPEN_STOP,-14.069165527075524,1.0,53,0.008734464645385742,0,0
2184,THUMBS_UP,-42.68725760732778,1.0,56,0.0,0,0
2185,THUMBS_UP,-42.4038905094209,1.0,54,0.0,0,0
2186,THUMBS_UP,-41.455290131093925,1.0,54,0.0,0,0
2187,THUMBS_UP,-40.356041401840045,1.0,53,0.0,0,0
2188,THUMBS_UP,-40.65822567428289,1.0,52,0.0,0,0
2189,THUMBS_DOWN,-41.62059644067658,1.0,54,0.0,0,0
2190,THUMBS_UP,-46.084365784004326,1.0,58,0.0,0,0
2191,THUMBS_UP,-42.54473588593307,1.0,56,0.0,0,0
2192,THUMBS_DOWN,-42.048768679602055,1.0,56,0.0,0,0
2193,OPEN_STOP,-17.961198204886166,1.0,30,0.0,0,0
2194,OPEN_STOP,-16.563530230582693,1.0,30,0.0038001283537596464,0,0
2195,THUMBS_DOWN,-43.62143119562418,1.0,55,0.0,0,0
2196,OPEN_STOP,-19.595315683521342,1.0,31,0.0,0,0
2197,THUMBS_UP,-42.794776514843115,1.0,55,0.0,0,0
2198,OPEN_STOP,-14.568615465164186,1.0,28,0.026612278074026108,0,0
2199,THUMBS_DOWN,-39.01313890997786,1.0,52,0.0011878313962370157,0,0
2200,OPEN_STOP,-16.847463585184883,1.0,30,0.0,0,0
2201,OPEN_STOP,-16.461945238765328,1.0,53,0.00825357437133789,0,0
2202,THUMBS_DOWN,-41.86749654715881,1.0,53,0.0,0,0
2203,THUMBS_UP,-40.10637570232154,1.0,55,0.0,0,0
2204,THUMBS_DOWN,-42.89779725983739,1.0,55,0.0,0,0
2205,THUMBS_UP,-41.39195104952902,1.0,55,0.0,0,0
2206,THUMBS_DOWN,-40.80733283456417,1.0,52,0.010932842269539833,0,0
2207,OPEN_STOP,-17.53451068630442,1.0,45,0.0523759126663208,0,0
2208,THUMBS_DOWN,-40.02254644004337,1.0,53,0.0,0,0
2209,OPEN_STOP,-12.501500361999499,1.0,41,0.0,0,0
2210,THUMBS_DOWN,-42.68859572697431,1.0,55,0.0,0,0
2211,THUMBS_UP,-39.20095102489506,1.0,53,0.0,0,0
2212,THUMBS_DOWN,-40.32930506611244,1.0,63,0.0,0,0
2213,THUMBS_DOWN,-40.41567836229689,1.0,56,0.0,0,0
2214,OPEN_STOP,-16.14772459307686,1.0,29,0.024087345227599144,0,0
2215,THUMBS_DOWN,-40.40022023042664,1.0,54,0.008638535626232624,0,0
2216,THUMBS_UP,-40.596456208219756,1.0,53,0.0,0,0
2217,THUMBS_UP,-40.6577847095579,1.0,53,0.0,0,0
2218,THUMBS_DOWN,-43.559649739414425,1.0,55,0.04628723859786987,0,0
2219,THUMBS_UP,-40.33323550138622,1.0,54,0.0,0,0
2220,THUMBS_DOWN,-39.57700585515241,1.0,53,0.0,0,0
2221,THUMBS_DOWN,-43.18211725037546,1.0,54,0.0,0,0
2222,THUMBS_DOWN,-43.70418681364505,1.0,58,0.0,0,0
2223,THUMBS_UP,-41.919126144982854,1.0,54,0.0,0,0
2224,THUMBS_DOWN,-40.225100512802605,1.0,53,0.0,0,0
2225,THUMBS_DOWN,-40.55572298601269,1.0,54,0.0,0,0
2226,THUMBS_UP,-45.18213808218018,1.0,54,0.0,0,0
2227,OPEN_STOP,-16.792144887261095,1.0,29,0.04707801342010498,0,0
2228,THUMBS_UP,-42.17742562669446,1.0,55,0.0,0,0
2229,THUMBS_UP,-42.830334975244476,1.0,54,0.0,0,0
2230,THUMBS_UP,-42.778067939393225,1.0,55,0.0,0,0
2231,OPEN_STOP,-15.587001081656489,1.0,29,0.0,0,0
2232,OPEN_STOP,-12.772404384696863,1.0,59,0.0,0,0
2233,THUMBS_DOWN,-40.784562444465706,1.0,53,0.0,0,0
2234,OPEN_STOP,-19.449441273212432,1.0,31,0.03646334260702133,0,0
2235,THUMBS_DOWN,-41.82965159963816,1.0,53,0.010248363018035889,0,0
2236,THUMBS_UP,-42.60132002744824,1.0,54,0.0,0,0
2237,THUMBS_DOWN,-42.186021407749514,1.0,56,0.0,0,0
2238,THUMBS_UP,-43.370529576316514,1.0,55,0.0,0,0
2239,THUMBS_DOWN,-39.924994002506146,1.0,53,0.0,0,0
2240,THUMBS_DOWN,-41.11491644375025,1.0,54,0.0,0,0
2241,THUMBS_UP,-40.66846428088845,1.0,53,0.0,0,0
2242,THUMBS_DOWN,-40.38711715873334,1.0,53,0.0,0,0
2243,THUMBS_DOWN,-42.38153978382236,1.0,56,0.0,0,0
2244,THUMBS_UP,-42.2082649579062,1.0,56,0.0,0,0
2245,OPEN_STOP,-15.27513839498163,1.0,37,0.0,0,0
2246,THUMBS_DOWN,-39.85698707412931,1.0,53,0.0,0,0
2247,OPEN_STOP,-16.7109538123291,1.0,42,0.0,0,0
2248,OPEN_STOP,-15.016353678824379,1.0,30,0.01353830099105835,0,0
2249,THUMBS_UP,-39.67998464234172,1.0,53,0.0,0,0
2250,THUMBS_DOWN,-43.63776799224314,1.0,57,0.03428047522902489,0,0
2251,OPEN_STOP,-15.950202533230186,1.0,32,0.0,0,0
2252,THUMBS_DOWN,-43.175738281626266,1.0,55,0.026623468846082687,0,0
2253,THUMBS_DOWN,-40.533940422758484,1.0,54,0.0,0,0
2254,OPEN_STOP,-10.730855010431265,1.0,64,0.04827713966369629,0,0
2255,OPEN_STOP,-13.283511045649652,1.0,28,0.018188640475273132,0,0
2256,THUMBS_UP,-40.786596556217425,1.0,53,0.0,0,0
2257,THUMBS_DOWN,-42.16656559761615,1.0,55,0.0,0,0
2258,THUMBS_UP,-40.11169690420388,1.0,52,0.0,0,0
2259,OPEN_STOP,-14.733689908380619,1.0,43,0.0,0,0
2260,THUMBS_UP,-41.533463589921574,1.0,55,0.0,0,0
2261,THUMBS_DOWN,-41.16512422457338,1.0,55,0.036261677742004395,0,0
2262,THUMBS_DOWN,-40.32107319056986,1.0,54,0.0,0,0
2263,OPEN_STOP,-21.13582062676549,1.0,35,0.02959442138671875,0,0
2264,OPEN_STOP,-13.732769572502008,1.0,45,0.006062150001525879,0,0
2265,THUMBS_DOWN,-41.71244028411805,1.0,55,0.0,0,0
2266,THUMBS_DOWN,-43.0436116897315,1.0,56,0.008488230407238007,0,0
2267,OPEN_STOP,-14.125454806583,1.0,42,0.0,0,0
2268,THUMBS_UP,-38.166941821463425,1.0,51,0.0,0,0
2269,THUMBS_UP,-40.941719132810846,1.0,54,0.0,0,0
2270,THUMBS_UP,-39.576894853226854,1.0,54,0.0,0,0
2271,THUMBS_UP,-43.15766925349833,1.0,55,0.0,0,0
2272,THUMBS_UP,-40.743466742634794,1.0,53,0.0,0,0
2273,THUMBS_UP,-42.785619835034005,1.0,55,0.0,0,0
2274,THUMBS_UP,-41.23179146846407,1.0,55,0.0,0,0
2275,OPEN_STOP,-13.303856831481674,1.0,48,0.0,0,0
2276,OPEN_STOP,-15.1099509709701,1.0,34,0.0,0,0
2277,THUMBS_UP,-42.65640362502075,1.0,54,0.0,0,0
2278,OPEN_STOP,-15.953667714336188,1.0,29,0.00023484224220737815,0,0
2279,THUMBS_DOWN,-43.41528803870084,1.0,55,0.02296203374862671,0,0
2280,THUMBS_DOWN,-42.092337616421275,1.0,54,0.0,0,0
2281,THUMBS_DOWN,-43.0202165601123,1.0,57,0.0,0,0
2282,THUMBS_UP,-42.45808741752061,1.0,55,0.0,0,0
2283,THUMBS_DOWN,-44.36059902660549,1.0,56,0.020730555057525635,0,0
2284,OPEN_STOP,-15.530165500529108,1.0,29,0.01591060496866703,0,0
2285,THUMBS_UP,-39.71394592196681,1.0,53,0.0,0,0
2286,OPEN_STOP,-10.756858668345954,1.0,55,0.0,0,0
2287,OPEN_STOP,-16.49684271455742,1.0,31,0.021506845951080322,0,0
2288,OPEN_STOP,-16.613790308907618,1.0,29,0.038429200649261475,0,0
2289,THUMBS_UP,-42.44477164270825,1.0,55,0.0,0,0
2290,THUMBS_UP,-41.18830460530938,1.0,54,0.0,0,0
2291,THUMBS_DOWN,-40.38997413695791,1.0,54,0.0,0,0
2292,THUMBS_DOWN,-39.547072157152016,1.0,54,0.0,0,0
2293,THUMBS_UP,-39.31222066792107,1.0,53,0.0,0,0
2294,THUMBS_DOWN,-41.54568669655943,1.0,55,0.026341063901782036,0,0
2295,THUMBS_UP,-40.40295923314989,1.0,54,0.0,0,0
2296,OPEN_STOP,-19.110104685742414,1.0,31,0.0,0,0
2297,OPEN_STOP,-16.46550518674777,1.0,29,0.0,0,0
2298,THUMBS_DOWN,-39.540341911297304,1.0,53,0.0,0,0
2299,OPEN_STOP,-16.13943771584891,1.0,29,0.006934821605682373,0,0
2300,OPEN_STOP,-16.628838991122326,1.0,33,0.007082440424710512,0,0
2301,THUMBS_UP,-46.058944065868864,1.0,58,0.0,0,0
2302,THUMBS_DOWN,-39.13499141300909,1.0,67,0.0,0,0
2303,THUMBS_DOWN,-40.81841602977361,1.0,55,0.0,0,0
2304,OPEN_STOP,-16.80770715952735,1.0,29,0.000806859286967665,0,0
2305,THUMBS_DOWN,-43.27318256561641,1.0,56,0.0,0,0
2306,OPEN_STOP,-15.324185633547609,1.0,29,0.0,0,0
2307,OPEN_STOP,-14.715640677604824,1.0,30,0.0,0,0
2308,THUMBS_DOWN,-41.2583437067084,1.0,56,0.0,0,0
2309,THUMBS_DOWN,-40.06044687585438,1.0,54,0.0,0,0
2310,THUMBS_UP,-41.38196851337328,1.0,53,0.0,0,0
2311,OPEN_STOP,-15.362227997388686,1.0,30,0.005085885524749756,0,0
2312,OPEN_STOP,-18.156597782932213,1.0,32,0.039784062653779984,0,0
2313,THUMBS_UP,-41.53699102206155,1.0,54,0.0,0,0
2314,OPEN_STOP,-15.624849580172453,1.0,29,0.017759142443537712,0,0
2315,THUMBS_UP,-41.22008367490606,1.0,52,0.0,0,0
2316,OPEN_STOP,-17.877355550257484,1.0,31,0.0,0,0
2317,OPEN_STOP,-20.719588641636093,1.0,45,0.019632507115602493,0,0
2318,THUMBS_UP,-43.431793956272294,1.0,56,0.0,0,0
2319,THUMBS_DOWN,-40.49352755937724,1.0,54,0.0,0,0
2320,THUMBS_DOWN,-41.33700596273874,1.0,64,0.0,0,0
2321,OPEN_STOP,-17.197708833990617,1.0,43,0.0,0,0
2322,THUMBS_UP,-40.27193203860893,1.0,54,0.0,0,0
2323,THUMBS_UP,-41.42043502663261,1.0,55,0.0,0,0
2324,THUMBS_DOWN,-41.19523963827639,1.0,54,0.0,0,0
2325,OPEN_STOP,-13.569682913543668,1.0,55,0.0,0,0
2326,THUMBS_DOWN,-38.85499568090775,1.0,66,0.0,0,0
2327,OPEN_STOP,-17.54001538610086,1.0,36,0.010821163654327393,0,0
2328,THUMBS_UP,-43.77660225771368,1.0,56,0.0,0,0
2329,OPEN_STOP,-17.614465206265447,1.0,30,0.015741169452667236,0,0
2330,THUMBS_DOWN,-41.71340599462391,1.0,55,0.0,0,0
2331,THUMBS_DOWN,-41.45305089674889,1.0,54,0.0,0,0
2332,THUMBS_DOWN,-38.974932629838605,1.0,52,0.0,0,0
2333,THUMBS_DOWN,-40.66757420098409,1.0,53,0.0043436018750071526,0,0
2334,THUMBS_DOWN,-40.984116001427154,1.0,53,0.008699119091033936,0,0
2335,THUMBS_UP,-41.79689033720931,1.0,55,0.0,0,0
2336,OPEN_STOP,-14.870274355383579,1.0,34,0.0,0,0
2337,THUMBS_DOWN,-42.20368498839438,1.0,58,0.0,0,0
2338,THUMBS_UP,-40.432334210686406,1.0,53,0.0,0,0
2339,OPEN_STOP,-16.3128509612754,1.0,28,0.0,0,0
2340,THUMBS_UP,-42.827091147443284,1.0,56,0.0,0,0
2341,THUMBS_DOWN,-39.90224323625679,1.0,53,0.006779229734092951,0,0
2342,THUMBS_DOWN,-40.53359724133741,1.0,53,0.003854167414829135,0,0
2343,THUMBS_UP,-39.37831997331304,1.0,54,0.0,0,0
2344,THUMBS_DOWN,-42.87724468031901,1.0,55,0.022394761443138123,0,0
2345,THUMBS_DOWN,-40.14040989572531,1.0,54,0.0,0,0
2346,OPEN_STOP,-17.937062918357547,1.0,33,0.0,0,0
2347,THUMBS_DOWN,-35.86815335194116,1.0,68,0.0,0,0
2348,THUMBS_UP,-43.29077078582719,1.0,56,0.0,0,0
2349,OPEN_STOP,-14.951744202499993,1.0,98,0.002077502431347966,0,0
2350,THUMBS_DOWN,-40.860006967652595,1.0,54,0.0,0,0
2351,THUMBS_UP,-41.200473584253345,1.0,54,0.0,0,0
2352,OPEN_STOP,-14.757642212565989,1.0,29,0.0,0,0
2353,THUMBS_DOWN,-41.23117356905715,1.0,54,0.002600609790533781,0,0
2354,OPEN_STOP,-18.077171478178354,1.0,30,0.0,0,0
2355,OPEN_STOP,-15.115277228225022,1.0,38,0.022385895252227783,0,0
2356,THUMBS_DOWN,-41.18900460783393,1.0,55,0.0,0,0
2357,OPEN_STOP,-15.493856325969102,1.0,29,0.0,0,0
2358,THUMBS_UP,-42.21920262785628,1.0,56,0.0,0,0
2359,THUMBS_DOWN,-43.84523072034119,1.0,57,0.031783342361450195,0,0
2360,THUMBS_UP,-43.62734287826345,1.0,55,0.0,0,0
2361,OPEN_STOP,-14.430055107516237,1.0,28,0.009788521565496922,0,0
2362,THUMBS_UP,-41.01238683504983,1.0,54,0.0,0,0
2363,OPEN_STOP,-18.10142856923862,1.0,31,0.0,0,0
2364,OPEN_STOP,-18.346796169150622,1.0,29,0.0,0,0
2365,OPEN_STOP,-13.655186855131763,1.0,47,0.022056102752685547,0,0
2366,OPEN_STOP,-15.57943042797968,1.0,29,0.0,0,0
2367,THUMBS_UP,-42.660360840223724,1.0,56,0.0,0,0
2368,THUMBS_UP,-40.92700498990714,1.0,54,0.0,0,0
2369,THUMBS_UP,-39.84455773443682,1.0,52,0.0,0,0
2370,THUMBS_DOWN,-39.28076874677092,1.0,52,0.0,0,0
2371,THUMBS_DOWN,-40.532019989481206,1.0,53,0.021289467811584473,0,0
2372,THUMBS_UP,-38.52570455506446,1.0,52,0.0,0,0
2373,OPEN_STOP,-17.817907378133384,1.0,31,0.0,0,0
2374,OPEN_STOP,-12.893666962137948,1.0,58,0.0,0,0
2375,THUMBS_DOWN,-43.82222280907446,1.0,57,0.004474010784178972,0,0
2376,THUMBS_DOWN,-42.40914444498717,1.0,55,0.0,0,0
2377,THUMBS_DOWN,-43.37437102334574,1.0,55,0.04137265682220459,0,0
2378,THUMBS_UP,-42.93458392735571,1.0,54,0.0,0,0
2379,OPEN_STOP,-14.992055466508026,1.0,28,0.0,0,0
2380,OPEN_STOP,-15.84703592561185,1.0,30,0.0,0,0
2381,THUMBS_UP,-40.73211077688263,1.0,54,0.0,0,0
2382,THUMBS_DOWN,-42.078869042154395,1.0,54,0.0,0,0
2383,THUMBS_DOWN,-41.63815154995767,1.0,55,0.027981936931610107,0,0
